year,metric,metric_label,population_weighted_mean,ci_low,ci_high,valid_lsbg_n,valid_population,dcca_block_n,bootstrap_replicates
2011,nutrition_score,Nutrition,0.5272536174642238,0.5009501118315456,0.5548544499829068,848,3893916.0,312,999
2011,carbon_score,Carbon,0.5981497597008506,0.5731158609474724,0.6243810457036273,848,3893916.0,312,999
2011,sustainability_score,Sustainability practice text,0.2685684205152025,0.2540396744950968,0.2833279865530786,1173,5582928.0,369,999
2011,hygiene_score,Hygiene,0.4508485681897979,0.4371640862619516,0.466064479340414,1173,5582928.0,369,999
2011,practice_score,Current practice tag (backcast),0.143387863803549,0.119348419663434,0.1696441304096948,1173,5582928.0,369,999
2011,diversity_score,Cuisine diversity,0.2282577902665815,0.211769876290855,0.2455459485621878,983,4673111.0,341,999
2011,equal_six_strict,Equal six (strict),0.3769033909667399,0.3672493148188658,0.3866406229852479,778,3630671.0,303,999
2011,equal_five_no_practice,Equal five (no practice),0.4233826125296908,0.4120579431459366,0.4340083707929906,778,3630671.0,303,999
2011,equal_six_highcoverage,Equal six (coverage >=50%),0.3592425104304321,0.3368918757822361,0.3788105153742294,204,799967.0,145,999
2016,nutrition_score,Nutrition,0.5077854992935219,0.4878575563980354,0.5290107093391571,1053,5180414.0,361,999
2016,carbon_score,Carbon,0.5697019966164524,0.5490424036660543,0.5899631083281957,1053,5180414.0,361,999
2016,sustainability_score,Sustainability practice text,0.3442832459970347,0.3298055085443059,0.3592150994182279,1220,5924975.0,385,999
2016,hygiene_score,Hygiene,0.4773816440495658,0.4636245268486861,0.4909889142094549,1220,5924975.0,385,999
2016,practice_score,Current practice tag (backcast),0.1881757225400382,0.1682565661330465,0.2133926344534763,1220,5924975.0,385,999
2016,diversity_score,Cuisine diversity,0.2496755744585403,0.2321488332935496,0.2674088603386447,1057,5231131.0,370,999
2016,equal_six_strict,Equal six (strict),0.3934343336341969,0.3845192339562563,0.4018873517388027,965,4758387.0,349,999
2016,equal_five_no_practice,Equal five (no practice),0.433597384693108,0.424435808485411,0.4422756084640526,965,4758387.0,349,999
2016,equal_six_highcoverage,Equal six (coverage >=50%),0.4016392308874025,0.3890115306446263,0.4117174787440698,692,3089475.0,281,999
2021,nutrition_score,Nutrition,0.4882086019231265,0.4733806222818217,0.5024505950039969,1195,5420182.0,393,999
2021,carbon_score,Carbon,0.5676349885321267,0.5552219097814203,0.5805494514187736,1195,5420182.0,393,999
2021,sustainability_score,Sustainability practice text,0.4038266039908754,0.3892974793113447,0.4178736200393229,1337,6047141.0,407,999
2021,hygiene_score,Hygiene,0.4833616532525883,0.4670893839703641,0.5013464362504458,1337,6047141.0,407,999
2021,practice_score,Current practice tag (backcast),0.1894969851188642,0.1707974833265214,0.2072386490572762,1338,6048857.0,407,999
2021,diversity_score,Cuisine diversity,0.3243236749489492,0.3090173004555324,0.3396143235718236,1208,5500267.0,393,999
2021,equal_six_strict,Equal six (strict),0.4162280028233086,0.410033350981317,0.4226702322875549,1126,5151077.0,381,999
2021,equal_five_no_practice,Equal five (no practice),0.4610145847562629,0.4536619733527606,0.4689243229619488,1126,5151077.0,381,999
2021,equal_six_highcoverage,Equal six (coverage >=50%),0.4226265508049392,0.4146106289968742,0.4298943305591122,933,3963932.0,330,999
2024,nutrition_score,Nutrition,0.5076045802592767,0.492254587481004,0.5225124595608877,1169,5267326.0,389,999
2024,carbon_score,Carbon,0.5771564194357189,0.5609920403018175,0.5921377883445539,1169,5267326.0,389,999
2024,sustainability_score,Sustainability practice text,0.4222973134746061,0.4066443009804597,0.4381782835075778,1297,5889208.0,407,999
2024,hygiene_score,Hygiene,0.4853321410688134,0.4644944087116716,0.5044723199119799,1297,5889208.0,407,999
2024,practice_score,Current practice tag (backcast),0.2118935819479325,0.1925715623767394,0.231920960974311,1298,5890924.0,407,999
2024,diversity_score,Cuisine diversity,0.3149087024999459,0.2986338609394535,0.3303897480343636,1184,5362693.0,388,999
2024,equal_six_strict,Equal six (strict),0.4257436984177294,0.4188888036098124,0.4323223990262759,1107,5029963.0,380,999
2024,equal_five_no_practice,Equal five (no practice),0.4690371441571945,0.4605029478125225,0.4782299747537955,1107,5029963.0,380,999
2024,equal_six_highcoverage,Equal six (coverage >=50%),0.4329277401852441,0.4247281741750913,0.44095105249831,870,3510663.0,326,999
