reference_year,year,metric,metric_label,difference,ci_low,ci_high,bootstrap_replicates
2011,2016,nutrition_score,Nutrition,-0.0194681181707019,-0.0519824696417669,0.0148629708864478,999
2011,2021,nutrition_score,Nutrition,-0.0390450155410972,-0.0699535829839073,-0.0083084208349974,999
2011,2024,nutrition_score,Nutrition,-0.0196490372049471,-0.0515163685415507,0.0112823142306666,999
2011,2016,carbon_score,Carbon,-0.0284477630843982,-0.0623015460000352,0.0025263599380646,999
2011,2021,carbon_score,Carbon,-0.0305147711687239,-0.0609190161488243,-0.0044941881402992,999
2011,2024,carbon_score,Carbon,-0.0209933402651316,-0.0513624768992166,0.0075005053883058,999
2011,2016,sustainability_score,Sustainability practice text,0.0757148254818322,0.0544284493818337,0.0967232736882982,999
2011,2021,sustainability_score,Sustainability practice text,0.1352581834756729,0.1157721603408482,0.1545238771120988,999
2011,2024,sustainability_score,Sustainability practice text,0.1537288929594035,0.1325780188011978,0.1758300232275151,999
2011,2016,hygiene_score,Hygiene,0.0265330758597679,0.0052662564157598,0.0457642787691,999
2011,2021,hygiene_score,Hygiene,0.0325130850627904,0.0091064287586629,0.0572333939432486,999
2011,2024,hygiene_score,Hygiene,0.0344835728790155,0.0092471627149416,0.0598010835906058,999
2011,2016,practice_score,Current practice tag (backcast),0.0447878587364891,0.0109447906666502,0.0770279754164185,999
2011,2021,practice_score,Current practice tag (backcast),0.0461091213153151,0.0128277786286954,0.0741093431170164,999
2011,2024,practice_score,Current practice tag (backcast),0.0685057181443835,0.0334862462951688,0.1005788224911261,999
2011,2016,diversity_score,Cuisine diversity,0.0214177841919587,-0.0038793966811664,0.0456181635073992,999
2011,2021,diversity_score,Cuisine diversity,0.0960658846823677,0.0726687896325889,0.1187181060773595,999
2011,2024,diversity_score,Cuisine diversity,0.0866509122333644,0.0634679896206767,0.1104668982884768,999
2011,2016,equal_six_strict,Equal six (strict),0.0165309426674569,0.0042500871520389,0.0292670403924034,999
2011,2021,equal_six_strict,Equal six (strict),0.0393246118565686,0.0283928313820513,0.0506858573142359,999
2011,2024,equal_six_strict,Equal six (strict),0.0488403074509894,0.0367942702102904,0.0604760222430131,999
2011,2016,equal_five_no_practice,Equal five (no practice),0.0102147721634172,-0.0052280947966148,0.0236861612369746,999
2011,2021,equal_five_no_practice,Equal five (no practice),0.0376319722265721,0.0244101221130763,0.0510683809279385,999
2011,2024,equal_five_no_practice,Equal five (no practice),0.0456545316275037,0.0319916940633479,0.0603934311550269,999
2011,2016,equal_six_highcoverage,Equal six (coverage >=50%),0.0423967204569704,0.0197256239924069,0.0668970796344949,999
2011,2021,equal_six_highcoverage,Equal six (coverage >=50%),0.0633840403745071,0.0437387649275686,0.0863126101518135,999
2011,2024,equal_six_highcoverage,Equal six (coverage >=50%),0.073685229754812,0.0514001916111235,0.0972523239299855,999
