year,metric,metric_label,valid_lsbg_n,all_lsbg_n,lsbg_coverage_share,valid_population,all_population,population_coverage_share,strict_valid_population,population_share_of_strict_denominator
2011,nutrition_score,Nutrition,848,1620,0.5234567901234568,3893916.0,7070388.0,0.5507358294905457,3630671.0,1.0725058811442842
2011,carbon_score,Carbon,848,1620,0.5234567901234568,3893916.0,7070388.0,0.5507358294905457,3630671.0,1.0725058811442842
2011,sustainability_score,Sustainability practice text,1174,1620,0.7246913580246913,5585388.0,7070388.0,0.7899690936338996,3630671.0,1.538390011102631
2011,hygiene_score,Hygiene,1174,1620,0.7246913580246913,5585388.0,7070388.0,0.7899690936338996,3630671.0,1.538390011102631
2011,practice_score,Current practice tag (backcast),1174,1620,0.7246913580246913,5585388.0,7070388.0,0.7899690936338996,3630671.0,1.538390011102631
2011,diversity_score,Cuisine diversity,983,1620,0.6067901234567902,4673111.0,7070388.0,0.6609412383026222,3630671.0,1.2871204799333236
2011,equal_six_strict,Equal six (strict),778,1620,0.4802469135802469,3630671.0,7070388.0,0.5135037850822332,3630671.0,1.0
2011,equal_five_no_practice,Equal five (no practice),778,1620,0.4802469135802469,3630671.0,7070388.0,0.5135037850822332,3630671.0,1.0
2011,equal_six_highcoverage,Equal six (coverage >=50%),204,1620,0.1259259259259259,799967.0,7070388.0,0.1131432956720338,3630671.0,0.2203358552730335
2016,nutrition_score,Nutrition,1053,1622,0.6491985203452528,5180414.0,7335384.0,0.7062226053878025,4758387.0,1.0886911888419333
2016,carbon_score,Carbon,1053,1622,0.6491985203452528,5180414.0,7335384.0,0.7062226053878025,4758387.0,1.0886911888419333
2016,sustainability_score,Sustainability practice text,1220,1622,0.752157829839704,5924975.0,7335384.0,0.8077252670071533,4758387.0,1.2451645904378943
2016,hygiene_score,Hygiene,1220,1622,0.752157829839704,5924975.0,7335384.0,0.8077252670071533,4758387.0,1.2451645904378943
2016,practice_score,Current practice tag (backcast),1220,1622,0.752157829839704,5924975.0,7335384.0,0.8077252670071533,4758387.0,1.2451645904378943
2016,diversity_score,Cuisine diversity,1057,1622,0.6516646115906288,5231131.0,7335384.0,0.7131366265215291,4758387.0,1.0993496325540566
2016,equal_six_strict,Equal six (strict),965,1622,0.594944512946979,4758387.0,7335384.0,0.6486895573565065,4758387.0,1.0
2016,equal_five_no_practice,Equal five (no practice),965,1622,0.594944512946979,4758387.0,7335384.0,0.6486895573565065,4758387.0,1.0
2016,equal_six_highcoverage,Equal six (coverage >=50%),692,1622,0.4266337854500616,3089475.0,7335384.0,0.4211742698132776,4758387.0,0.6492693847726131
2021,nutrition_score,Nutrition,1195,1746,0.6844215349369989,5420182.0,7411945.0,0.7312766082317125,5151077.0,1.0522424727877295
2021,carbon_score,Carbon,1195,1746,0.6844215349369989,5420182.0,7411945.0,0.7312766082317125,5151077.0,1.0522424727877295
2021,sustainability_score,Sustainability practice text,1337,1746,0.7657502863688431,6047141.0,7411945.0,0.8158642569527972,5151077.0,1.1739566308172058
2021,hygiene_score,Hygiene,1337,1746,0.7657502863688431,6047141.0,7411945.0,0.8158642569527972,5151077.0,1.1739566308172058
2021,practice_score,Current practice tag (backcast),1338,1746,0.7663230240549829,6048857.0,7411945.0,0.8160957751305494,5151077.0,1.1742897650336035
2021,diversity_score,Cuisine diversity,1208,1746,0.6918671248568156,5500267.0,7411945.0,0.7420814644469165,5151077.0,1.0677897068904232
2021,equal_six_strict,Equal six (strict),1126,1746,0.6449026345933563,5151077.0,7411945.0,0.6949696739519788,5151077.0,1.0
2021,equal_five_no_practice,Equal five (no practice),1126,1746,0.6449026345933563,5151077.0,7411945.0,0.6949696739519788,5151077.0,1.0
2021,equal_six_highcoverage,Equal six (coverage >=50%),933,1746,0.5343642611683849,3963932.0,7411945.0,0.5348032129218444,5151077.0,0.7695346041225942
2024,nutrition_score,Nutrition,1169,1746,0.6695303550973654,5267326.0,7411945.0,0.7106536813211647,5029963.0,1.0471898103425412
2024,carbon_score,Carbon,1169,1746,0.6695303550973654,5267326.0,7411945.0,0.7106536813211647,5029963.0,1.0471898103425412
2024,sustainability_score,Sustainability practice text,1297,1746,0.7428407789232532,5889208.0,7411945.0,0.7945563546410558,5029963.0,1.1708253122339072
2024,hygiene_score,Hygiene,1297,1746,0.7428407789232532,5889208.0,7411945.0,0.7945563546410558,5029963.0,1.1708253122339072
2024,practice_score,Current practice tag (backcast),1298,1746,0.7434135166093929,5890924.0,7411945.0,0.794787872818808,5029963.0,1.1711664678249123
2024,diversity_score,Cuisine diversity,1184,1746,0.6781214203894617,5362693.0,7411945.0,0.7235203445249526,5029963.0,1.066149591955249
2024,equal_six_strict,Equal six (strict),1107,1746,0.634020618556701,5029963.0,7411945.0,0.678629293660436,5029963.0,1.0
2024,equal_five_no_practice,Equal five (no practice),1107,1746,0.634020618556701,5029963.0,7411945.0,0.678629293660436,5029963.0,1.0
2024,equal_six_highcoverage,Equal six (coverage >=50%),870,1746,0.4982817869415807,3510663.0,7411945.0,0.4736493592437612,5029963.0,0.697950064443814
