year,population_reference_year,domain,focal_group,reference_group,contrast_label,component,focal_mean,reference_mean,difference
2024,2021,Ethnicity,Filipino,Chinese,Filipino − Chinese,Nutrition,0.4769266982460321,0.509987147302703,-0.0330604490566708
2024,2021,Ethnicity,Filipino,Chinese,Filipino − Chinese,Carbon,0.5741946589974661,0.5773829345053823,-0.0031882755079161
2024,2021,Ethnicity,Filipino,Chinese,Filipino − Chinese,Cuisine diversity,0.3288740360852124,0.3127132039609753,0.0161608321242371
2024,2021,Ethnicity,Filipino,Chinese,Filipino − Chinese,Environmental sustainability,0.52518994261799,0.4148103720576926,0.1103795705602973
2024,2021,Ethnicity,Filipino,Chinese,Filipino − Chinese,Hygiene,0.5901550580287953,0.4776650788689031,0.1124899791598922
2024,2021,Ethnicity,Filipino,Chinese,Filipino − Chinese,Practice,0.1823888126796995,0.2149934253357305,-0.0326046126560309
2024,2021,Occupation,Elementary,Managers,Elementary − Managers,Nutrition,0.505497855628547,0.4847177671744133,0.0207800884541337
2024,2021,Occupation,Elementary,Managers,Elementary − Managers,Carbon,0.5765979378581315,0.5744377608914195,0.002160176966712
2024,2021,Occupation,Elementary,Managers,Elementary − Managers,Cuisine diversity,0.3119967658221371,0.3373666233750308,-0.0253698575528937
2024,2021,Occupation,Elementary,Managers,Elementary − Managers,Environmental sustainability,0.432786351364998,0.492365551838437,-0.059579200473439
2024,2021,Occupation,Elementary,Managers,Elementary − Managers,Hygiene,0.493843971777978,0.5579162239729849,-0.0640722521950069
2024,2021,Occupation,Elementary,Managers,Elementary − Managers,Practice,0.2119985782484878,0.1925661532528156,0.0194324249956721
2024,2021,Education,Primary or below,Post-secondary,Primary − Post-secondary,Nutrition,0.5179388582874693,0.4965460602984325,0.0213927979890367
2024,2021,Education,Primary or below,Post-secondary,Primary − Post-secondary,Carbon,0.5788264960976949,0.5763915749760717,0.0024349211216231
2024,2021,Education,Primary or below,Post-secondary,Primary − Post-secondary,Cuisine diversity,0.3033882578803252,0.3279492380831681,-0.0245609802028428
2024,2021,Education,Primary or below,Post-secondary,Primary − Post-secondary,Environmental sustainability,0.3818973268265436,0.4557012069067374,-0.0738038800801938
2024,2021,Education,Primary or below,Post-secondary,Primary − Post-secondary,Hygiene,0.440595382896907,0.5214870438017121,-0.0808916609048051
2024,2021,Education,Primary or below,Post-secondary,Primary − Post-secondary,Practice,0.2313424879147849,0.2018724012357429,0.0294700866790419
2024,2021,Household income,<HK$10k,≥HK$40k,<HK$10k − ≥HK$40k,Nutrition,0.5130969726575627,0.4941534804412765,0.0189434922162862
2024,2021,Household income,<HK$10k,≥HK$40k,<HK$10k − ≥HK$40k,Carbon,0.5755247645242205,0.577260492374003,-0.0017357278497824
2024,2021,Household income,<HK$10k,≥HK$40k,<HK$10k − ≥HK$40k,Cuisine diversity,0.3122888517451516,0.3302449092524219,-0.0179560575072703
2024,2021,Household income,<HK$10k,≥HK$40k,<HK$10k − ≥HK$40k,Environmental sustainability,0.402713607531006,0.4609301575428595,-0.0582165500118534
2024,2021,Household income,<HK$10k,≥HK$40k,<HK$10k − ≥HK$40k,Hygiene,0.4659867988240239,0.5274645018719979,-0.0614777030479739
2024,2021,Household income,<HK$10k,≥HK$40k,<HK$10k − ≥HK$40k,Practice,0.2275438829390993,0.1992307854800997,0.0283130974589995
2024,2021,Age,65+,25–44,65+ − 25–44,Nutrition,0.5119897952295465,0.5043496895969022,0.0076401056326442
2024,2021,Age,65+,25–44,65+ − 25–44,Carbon,0.5794755108685774,0.5768542868720828,0.0026212239964945
2024,2021,Age,65+,25–44,65+ − 25–44,Cuisine diversity,0.3092841312077416,0.3209601071585492,-0.0116759759508076
2024,2021,Age,65+,25–44,65+ − 25–44,Environmental sustainability,0.4054505997591949,0.4338225862344175,-0.0283719864752226
2024,2021,Age,65+,25–44,65+ − 25–44,Hygiene,0.4678074495967929,0.4976947294462936,-0.0298872798495007
2024,2021,Age,65+,25–44,65+ − 25–44,Practice,0.2193630673477649,0.2057529874501527,0.0136100798976121
2024,2021,Sex,Female,Male,Female − Male,Nutrition,0.5065185963707916,0.5088979088236174,-0.0023793124528258
2024,2021,Sex,Female,Male,Female − Male,Carbon,0.5767968311606212,0.5775846631624604,-0.0007878320018391
2024,2021,Sex,Female,Male,Female − Male,Cuisine diversity,0.3158155256433045,0.3138281697657761,0.0019873558775283
2024,2021,Sex,Female,Male,Female − Male,Environmental sustainability,0.425363904060868,0.4186520090719027,0.0067118949889653
2024,2021,Sex,Female,Male,Female − Male,Hygiene,0.4888865092916519,0.4811070077270536,0.0077795015645982
2024,2021,Sex,Female,Male,Female − Male,Practice,0.2105347623771972,0.2135088067264386,-0.0029740443492413
