year,population_reference_year,component,component_column,income_quintile,observed_lsbg_n,population_observed,q05,q25,median,q75,q95,weighted_mean
2016,2016,Nutrition,nutrition_score,1,204,1111218.0,0.1158093546332243,0.3749500876553663,0.4627808138154164,0.6616320790458916,0.8848053366816364,0.5047474935902183
2016,2016,Nutrition,nutrition_score,2,212,1094306.0,0.1852842165698615,0.3935022574919254,0.4951837293994997,0.6207311214727156,0.9061153157447516,0.5028515915119538
2016,2016,Nutrition,nutrition_score,3,216,1081002.0,0.1560616327366765,0.4012943918250047,0.5025287985502684,0.6665335444351652,0.8920995448591015,0.5170842987021692
2016,2016,Nutrition,nutrition_score,4,233,1035162.0,0.1786948103421909,0.4072264121102365,0.5260439232338406,0.638581475585344,0.9201073572768071,0.5206739599465016
2016,2016,Nutrition,nutrition_score,5,188,858726.0,0.1253582733473276,0.3582485225222226,0.5209218100487242,0.6070587105098557,0.8034460575336387,0.4907619388628658
2016,2016,Carbon,carbon_score,1,204,1111218.0,0.1013944844161,0.4000072471743139,0.5323642155316843,0.6728405745034219,0.905060432554008,0.5300675180910388
2016,2016,Carbon,carbon_score,2,212,1094306.0,0.3053394841018997,0.4675066849825585,0.5790708348141527,0.7040974477840889,0.8855989198297659,0.5807798676579152
2016,2016,Carbon,carbon_score,3,216,1081002.0,0.1893512688471884,0.5038443555888439,0.6149779800899574,0.7195437844382643,0.899296294625722,0.5942702631892169
2016,2016,Carbon,carbon_score,4,233,1035162.0,0.1921663338190033,0.5026308893145841,0.5866519862051658,0.6933031814618416,0.8858560005574169,0.5856435650242008
2016,2016,Carbon,carbon_score,5,188,858726.0,0.0021678529063699,0.4744260080881257,0.5874597915461743,0.6581841739048334,0.8484508514398104,0.556728724667496
2016,2016,Cuisine diversity,diversity_score,1,201,1102946.0,0.0,0.0,0.2472762850832405,0.37669083592899,0.4806914552155787,0.2165454727367538
2016,2016,Cuisine diversity,diversity_score,2,202,1088331.0,0.0,0.0,0.2653695942308417,0.4156946192466096,0.5344218518917049,0.2549705473534511
2016,2016,Cuisine diversity,diversity_score,3,211,1029601.0,0.0,0.0715129458875736,0.2547983228529004,0.3297017134443207,0.5309141545387949,0.2340338602280749
2016,2016,Cuisine diversity,diversity_score,4,233,1013980.0,0.0,0.1513818549682734,0.2612824261163803,0.4322138410585224,0.6108790032044864,0.2770515149154108
2016,2016,Cuisine diversity,diversity_score,5,210,996273.0,0.0,0.0904383688091057,0.3141462320117583,0.4156946192466096,0.5410646120465685,0.2688712151482809
2016,2016,Environmental sustainability,sustainability_score,1,233,1259448.0,0.004471763936542,0.1926802485447942,0.2811477646757379,0.3730423027949868,0.5748668941394767,0.2976111195493243
2016,2016,Environmental sustainability,sustainability_score,2,239,1238020.0,0.1054968166271115,0.2302545051014272,0.3024741224157545,0.3915231625142777,0.554251573561884,0.3197393042550793
2016,2016,Environmental sustainability,sustainability_score,3,249,1213404.0,0.0101299731749318,0.1978372302308695,0.2694277599350363,0.4334106487165543,0.6359890486964443,0.3155396379817828
2016,2016,Environmental sustainability,sustainability_score,4,265,1146711.0,0.1220936066075992,0.2481541202624711,0.3458535757458136,0.4615812579184138,0.6671135792016136,0.3638500572585449
2016,2016,Environmental sustainability,sustainability_score,5,234,1067392.0,0.1403149109036444,0.311558926939062,0.3971156668292024,0.5314902007501111,0.9093431981919028,0.4394752076168826
2016,2016,Hygiene,hygiene_score,1,233,1259448.0,0.1998269051803256,0.3335905353476268,0.4129994159706306,0.5366171457205582,0.6861875782954917,0.4362908883654086
2016,2016,Hygiene,hygiene_score,2,239,1238020.0,0.2071298102445794,0.3554771362235851,0.4539223489160405,0.5409252403969578,0.7343334225000876,0.458483487796917
2016,2016,Hygiene,hygiene_score,3,249,1213404.0,0.2096041032717138,0.3316430943129715,0.4628059980685899,0.5339854599861621,0.719171339921973,0.4500538372407148
2016,2016,Hygiene,hygiene_score,4,265,1146711.0,0.2129105685080486,0.4088327058281321,0.5065071035375295,0.5949808484139945,0.7795505620882859,0.4980312255356894
2016,2016,Hygiene,hygiene_score,5,234,1067392.0,0.1689220838220729,0.4882798570239466,0.5644401433676496,0.6597166002448384,0.8628666800754048,0.5566669800145698
2016,2016,Practice,practice_score,1,233,1259448.0,0.0,0.0,0.0667245381874729,0.2857142857142857,0.675357009902463,0.1745945976518959
2016,2016,Practice,practice_score,2,239,1238020.0,0.0,0.0,0.1408555162721705,0.383183185840708,1.0,0.2396430237012494
2016,2016,Practice,practice_score,3,249,1213404.0,0.0,0.0,0.1180058029042521,0.3414844035579383,1.0,0.2195298056343579
2016,2016,Practice,practice_score,4,265,1146711.0,0.0,0.0,0.0,0.184436515498047,0.6,0.133477614536067
2016,2016,Practice,practice_score,5,234,1067392.0,0.0,0.0,0.0,0.25,0.7357753744513327,0.167625563534612
2021,2021,Nutrition,nutrition_score,1,225,1102484.0,0.2317799497442939,0.3710153262924985,0.4900518213538833,0.5857081060111531,0.7442413430473906,0.4836453491357156
2021,2021,Nutrition,nutrition_score,2,207,1149944.0,0.0645117494317086,0.4160304898833256,0.5326130434667579,0.6629884248526047,0.8540041409577616,0.5220282624164447
2021,2021,Nutrition,nutrition_score,3,262,1098640.0,0.2621225341128493,0.3887373865018791,0.4926251034833193,0.5864554114995867,0.8281153913516334,0.5002220641982447
2021,2021,Nutrition,nutrition_score,4,287,1107182.0,0.1382023663724916,0.3816291502262028,0.4677989311086988,0.5552833093196426,0.7596314973648861,0.4684112348824953
2021,2021,Nutrition,nutrition_score,5,214,961932.0,0.1991606982064581,0.3784830669045295,0.4425494313431506,0.558093111161817,0.7654509732676379,0.4620747543752668
2021,2021,Carbon,carbon_score,1,225,1102484.0,0.3601532046247983,0.4338132129636385,0.5435175788496466,0.6520710991652686,0.8357421737361548,0.5528508163790171
2021,2021,Carbon,carbon_score,2,207,1149944.0,0.2816953422470671,0.5087267310715596,0.6015788524283295,0.7012375553156905,0.9085964169661612,0.597981050708663
2021,2021,Carbon,carbon_score,3,262,1098640.0,0.2432795658240841,0.4921077690293279,0.5660605170519163,0.680225349246738,0.8509591912823502,0.5665453518219473
2021,2021,Carbon,carbon_score,4,287,1107182.0,0.1902922572676125,0.485420682066436,0.5623421331519163,0.665456006588657,0.8378923590904375,0.5600488650516489
2021,2021,Carbon,carbon_score,5,214,961932.0,0.2895834956611696,0.4925850852640138,0.5562995455745845,0.6502958940919764,0.8334687887138289,0.5582781722199012
2021,2021,Cuisine diversity,diversity_score,1,219,1086010.0,0.0,0.1648508567221603,0.3072029070888256,0.4362677932322495,0.531621203863437,0.3041605983344548
2021,2021,Cuisine diversity,diversity_score,2,206,1130463.0,0.0,0.1648508567221603,0.3892702403509616,0.4722689135328858,0.5628332386769754,0.329321674115379
2021,2021,Cuisine diversity,diversity_score,3,269,1140755.0,0.0,0.1648508567221603,0.3685943744688496,0.4730792245149313,0.549499028264223,0.3093247226959967
2021,2021,Cuisine diversity,diversity_score,4,283,1100491.0,0.0,0.1648508567221603,0.3827718356894354,0.4732477570143919,0.5584442595446395,0.3278517861147657
2021,2021,Cuisine diversity,diversity_score,5,231,1042548.0,0.0,0.1648508567221603,0.397562540218251,0.5283974679925887,0.5950791266631007,0.3525954906301106
2021,2021,Environmental sustainability,sustainability_score,1,250,1242125.0,0.1615688534617647,0.2299461811254471,0.3066075748957208,0.4089438930686558,0.6237880785752836,0.3365188335392047
2021,2021,Environmental sustainability,sustainability_score,2,227,1281046.0,0.0919405470083462,0.2768087964977893,0.318518904820576,0.4061451332308858,0.6657487817756013,0.3500322961115841
2021,2021,Environmental sustainability,sustainability_score,3,294,1253138.0,0.1726290568144708,0.295718281751623,0.3728788868839439,0.478309775197124,0.7229435117839411,0.3993312223165864
2021,2021,Environmental sustainability,sustainability_score,4,311,1175430.0,0.1992235342858403,0.3335890270180829,0.3998438384271665,0.5250445708028751,0.8237480900891571,0.4399914309121242
2021,2021,Environmental sustainability,sustainability_score,5,255,1095402.0,0.2035454348345601,0.3636803318747892,0.4922533248683713,0.6151765984529678,0.92382396665611,0.5093967585061383
2021,2021,Hygiene,hygiene_score,1,250,1242125.0,0.0968304753055292,0.2920714327913156,0.4386730889467981,0.5680278969398447,0.7106842446306983,0.4293416215750417
2021,2021,Hygiene,hygiene_score,2,227,1281046.0,0.0,0.2737673358420036,0.4225896025956559,0.5306184009442216,0.7764001556681985,0.4161744667647568
2021,2021,Hygiene,hygiene_score,3,294,1253138.0,0.0661227192685149,0.2982501036315417,0.4703397511510596,0.5945882571911529,0.7800091772771829,0.4565240285938089
2021,2021,Hygiene,hygiene_score,4,311,1175430.0,0.1902545401866966,0.4496200375089385,0.5383334094611228,0.6438400306200026,0.8296567646033349,0.5331150317723611
2021,2021,Hygiene,hygiene_score,5,255,1095402.0,0.2630661555243178,0.4991120403462814,0.6053714010562145,0.7290183815376667,0.9278616176617396,0.6005050781551536
2021,2021,Practice,practice_score,1,251,1243841.0,0.0,0.0,0.1538461538461538,0.3636363636363636,0.9216534063736332,0.2173988048946538
2021,2021,Practice,practice_score,2,227,1281046.0,0.0,0.0,0.1480761463657177,0.2895195483114945,0.6666666666666666,0.206266899732972
2021,2021,Practice,practice_score,3,294,1253138.0,0.0,0.0,0.1173813140164351,0.2299045685096343,0.6864859982301257,0.1713468715759325
2021,2021,Practice,practice_score,4,311,1175430.0,0.0,0.0,0.08,0.25,0.598428982405533,0.1573353929454367
2021,2021,Practice,practice_score,5,255,1095402.0,0.0,0.0,0.1403508771929824,0.3236260161094478,0.6666666666666666,0.19347711097667
2024,2021,Nutrition,nutrition_score,1,228,1108722.0,0.1694253884489328,0.418379781078764,0.5158925667201144,0.6851642826339032,0.9454586603965368,0.5348259663933869
2024,2021,Nutrition,nutrition_score,2,204,1093023.0,0.2341822513467942,0.4145596530224298,0.5116726480530053,0.5965753964190406,0.8691147866923093,0.518898197699793
2024,2021,Nutrition,nutrition_score,3,256,1052718.0,0.249261240816754,0.3942212869027268,0.480502192366921,0.6217425279114142,0.7935408010547778,0.4992434206045734
2024,2021,Nutrition,nutrition_score,4,272,1041385.0,0.2419086891999537,0.3819803642407004,0.4867459393126384,0.6096950469832005,0.8048981240449599,0.5014271509316001
2024,2021,Nutrition,nutrition_score,5,209,971478.0,0.1799461178248646,0.4042077153371671,0.4641605055744685,0.5529005478049323,0.8520295011826752,0.4795132515999697
2024,2021,Carbon,carbon_score,1,228,1108722.0,0.2319746025091247,0.418605638588779,0.5834629835072191,0.654901498147539,0.890846444786269,0.5567229195744638
2024,2021,Carbon,carbon_score,2,204,1093023.0,0.2916706183799938,0.5126663664570669,0.5893027431546665,0.673643791018451,0.9781263501479148,0.5937082174729131
2024,2021,Carbon,carbon_score,3,256,1052718.0,0.304988081888702,0.5066955486318983,0.5849177889640066,0.6574023924841492,0.8714956408987093,0.5813957910555829
2024,2021,Carbon,carbon_score,4,272,1041385.0,0.2491735879675108,0.4727917394656542,0.6010710391785091,0.6882050410419409,0.883681784461606,0.5820379359364393
2024,2021,Carbon,carbon_score,5,209,971478.0,0.3020294850536734,0.4838478221126901,0.5707289314906014,0.6761499968809004,0.8693233746157856,0.5720273007249915
2024,2021,Cuisine diversity,diversity_score,1,218,1053310.0,0.0,0.1648508567221603,0.3168314930005712,0.4156946192466096,0.5363059187778414,0.2971074096468828
2024,2021,Cuisine diversity,diversity_score,2,205,1090863.0,0.0,0.1648508567221603,0.3685943744688496,0.4431264412177255,0.5614602914107139,0.3112346281447582
2024,2021,Cuisine diversity,diversity_score,3,269,1157725.0,0.0,0.160062037330743,0.3168314930005712,0.4436732769824914,0.5489388678242804,0.2906931258496457
2024,2021,Cuisine diversity,diversity_score,4,271,1062356.0,0.0,0.1648508567221603,0.3681817787287515,0.4921500286479508,0.5696741191835554,0.3204650187666415
2024,2021,Cuisine diversity,diversity_score,5,221,998439.0,0.0,0.2304211109597121,0.4271316893421689,0.5329835710950669,0.6102782221398431,0.3598692700479186
2024,2021,Environmental sustainability,sustainability_score,1,254,1281376.0,0.1601860961455136,0.2386242807869415,0.3012430484165718,0.4219169163859437,0.655876384300805,0.3473871221015056
2024,2021,Environmental sustainability,sustainability_score,2,220,1173446.0,0.1447557667077371,0.2804951322442791,0.3408244256465688,0.4150526508456018,0.6719611706959391,0.3640956797853857
2024,2021,Environmental sustainability,sustainability_score,3,287,1245353.0,0.1306025269126056,0.2717242826598047,0.3786187720162776,0.53726875479659,0.8279649461692695,0.4221100396911397
2024,2021,Environmental sustainability,sustainability_score,4,303,1155608.0,0.1892696066612207,0.3405343603443153,0.4186931688574891,0.5537957167606055,0.8279695975250121,0.4593710675692648
2024,2021,Environmental sustainability,sustainability_score,5,233,1033425.0,0.237901589913576,0.3893886532617428,0.5295453293978849,0.6617617411550659,0.9549516244433082,0.5400369566738893
2024,2021,Hygiene,hygiene_score,1,254,1281376.0,0.0013126384483804,0.2762780093848565,0.3997191832394506,0.5304610456974842,0.7939489699878501,0.4096218305604243
2024,2021,Hygiene,hygiene_score,2,220,1173446.0,0.0206948388846964,0.2833616626255235,0.4234931135754519,0.5614264021913921,0.7580483383062374,0.4214117395884304
2024,2021,Hygiene,hygiene_score,3,287,1245353.0,0.0454057963395355,0.3128549567523499,0.4903585051102312,0.6465277907106021,0.8718400490184964,0.4769898568134308
2024,2021,Hygiene,hygiene_score,4,303,1155608.0,0.0975897052721729,0.4179687321332441,0.5397335070173175,0.6605001139022645,0.8897639673727575,0.5287427584287712
2024,2021,Hygiene,hygiene_score,5,233,1033425.0,0.2025135596266443,0.4830434610526253,0.6224978607928342,0.7465080135639118,1.0,0.6132988017280139
2024,2021,Practice,practice_score,1,255,1283092.0,0.0,0.0,0.1333333333333333,0.3711638054793667,1.0,0.2397667931150608
2024,2021,Practice,practice_score,2,220,1173446.0,0.0,0.0,0.2,0.4,0.8152887667650918,0.2511455873830723
2024,2021,Practice,practice_score,3,287,1245353.0,0.0,0.0,0.1232382747522962,0.3044341833071,0.5951752071841601,0.1848916418262263
2024,2021,Practice,practice_score,4,303,1155608.0,0.0,0.0,0.0952380952380952,0.2884324739319315,0.6666666666666666,0.1697110982993077
2024,2021,Practice,practice_score,5,233,1033425.0,0.0,0.0,0.1460538072941105,0.3333333333333333,0.7142857142857143,0.2124251731789471
