year,model,predictor,standardized_beta,se_cluster_dcca,ci_low,ci_high,p_value,lsbg_n,dcca_cluster_n,weighted_r2
2011,Income only,log_income,0.2028385715023754,0.061830845241359,0.0811647286359339,0.3245124143688169,0.0011573732903798,778,303,0.0411434860891242
2011,Income + market composition,log_income,0.158172241767826,0.0787473836897613,0.0032091848694499,0.313135298666202,0.0454691540381414,778,303,0.0488938704101088
2011,Income + market composition,log_supply,0.0645260543074166,0.0481178341076559,-0.0301626364816944,0.1592147450965277,0.1809278956106488,778,303,0.0488938704101088
2011,Income + market composition,low_price_share,-0.0555680540856886,0.0644429085138102,-0.1823820462567176,0.0712459380853404,0.3892157403142406,778,303,0.0488938704101088
2011,Income + market composition,ageing_share,-0.0371596908671608,0.0817000096583283,-0.1979330734491082,0.1236136917147864,0.6495576554281751,778,303,0.0488938704101088
2016,Income only,log_income,0.2191175814374432,0.0503638339823015,0.120061780072151,0.3181733828027355,1.7855715448111454e-05,965,349,0.0480125144949944
2016,Income + market composition,log_income,0.192698057741635,0.0542250321429148,0.0860480355280223,0.2993480799552476,0.0004323113797325,965,349,0.0748408800136337
2016,Income + market composition,log_supply,0.1289299410836688,0.0440480837413524,0.0422959839639933,0.2155638982033444,0.0036472273571845,965,349,0.0748408800136337
2016,Income + market composition,low_price_share,-0.0845537152394222,0.0522815528463488,-0.1873812941651421,0.0182738636862975,0.10672469773243,965,349,0.0748408800136337
2016,Income + market composition,ageing_share,0.0035500832041096,0.0476675297574134,-0.0902026156250498,0.0973027820332691,0.9406744912933634,965,349,0.0748408800136337
2021,Income only,log_income,0.2171978115822418,0.061320179780413,0.0966284554530505,0.337767167711433,0.0004464247445905,1126,381,0.0471748893561151
2021,Income + market composition,log_income,0.1556467819145944,0.0612748317856837,0.0351665902096732,0.2761269736195157,0.0114780963782268,1126,381,0.1375625342734191
2021,Income + market composition,log_supply,0.2514159611363779,0.0325848117464068,0.1873468441519866,0.3154850781207691,1.07020800683401e-13,1126,381,0.1375625342734191
2021,Income + market composition,low_price_share,-0.1336519820545274,0.0453240934082707,-0.2227694109163402,-0.0445345531927146,0.0033872379301234,1126,381,0.1375625342734191
2021,Income + market composition,ageing_share,-0.0029056188959905,0.0424138991007089,-0.0863009468910077,0.0804897090990266,0.945418645445346,1126,381,0.1375625342734191
2024,Income only,log_income,0.2488759166901091,0.0522640832805279,0.1461120302474145,0.3516398031328036,2.734647939327296e-06,1107,380,0.0619392219083422
2024,Income + market composition,log_income,0.1506954894206197,0.0468264435462976,0.0586233238900743,0.2427676549511652,0.0014012079451924,1107,380,0.1824048225698358
2024,Income + market composition,log_supply,0.2489455759939055,0.0317569399530499,0.1865037159963617,0.3113874359914494,4.6421222255718956e-14,1107,380,0.1824048225698358
2024,Income + market composition,low_price_share,-0.2097425042017445,0.0432006966953119,-0.2946855704679876,-0.1247994379355014,1.762686802664076e-06,1107,380,0.1824048225698358
2024,Income + market composition,ageing_share,-0.0307940775624782,0.0421341991535314,-0.1136401505324515,0.0520519954074951,0.4653180294628587,1107,380,0.1824048225698358
