year,census_composition_year,temporal_status,domain,group,source_count_field,mean_joint_options,zero_joint_access_share,group_denominator
2016,2016,contemporaneous,Ethnicity,Chinese,ethn_chi,20.675285803299555,0.3609129117315947,6751759.0
2016,2016,contemporaneous,Ethnicity,Filipino,ethn_phi,38.318173417694,0.3726871480442676,183972.0
2016,2016,contemporaneous,Ethnicity,Indonesian,ethn_ind,26.569442723044503,0.3596761883639163,153299.0
2016,2016,contemporaneous,Ethnicity,White,ethn_wh,80.43080948997452,0.4266502608183283,57703.0
2016,2016,contemporaneous,Ethnicity,Other,ethn_oth,51.32865980037212,0.286523792611754,188651.0
2016,2016,contemporaneous,Occupation,Managers,wp_a,31.882851885924563,0.3364515705086082,380450.0
2016,2016,contemporaneous,Occupation,Professionals,wp_b,32.21045811389756,0.3124098015066454,264694.0
2016,2016,contemporaneous,Occupation,Clerical,wp_d,20.41299006918624,0.3522906763307761,531175.0
2016,2016,contemporaneous,Occupation,Service/sales,wp_e,22.363095938787524,0.3553576407174499,645620.0
2016,2016,contemporaneous,Occupation,Elementary,wp_h,24.21712165756685,0.3711185776284474,785730.0
2016,2016,contemporaneous,Education,Primary or below,edu_pri_be,17.58194616613996,0.3867108959665002,1299591.0
2016,2016,contemporaneous,Education,Secondary,edu_sec,20.930519132167856,0.366643799317881,3075710.0
2016,2016,contemporaneous,Education,Post-secondary,edu_psec,28.240849857798278,0.3350917796274723,2129721.0
2016,2016,contemporaneous,Household income,<HK$10k,dhi_sb_1,23.440869152220376,0.3598845129922883,480054.0
2016,2016,contemporaneous,Household income,HK$10–20k,dhi_sb_2,21.898584673134717,0.3492545433964193,547718.0
2016,2016,contemporaneous,Household income,HK$20–40k,dhi_sb_3,20.793516819921678,0.358555232570609,699379.0
2016,2016,contemporaneous,Household income,≥HK$40k,dhi_sb_4,29.10977951535824,0.3348218965821428,782186.0
2016,2016,contemporaneous,Age,15–24,age_2,20.998567145642134,0.366958327607006,785844.0
2016,2016,contemporaneous,Age,25–44,age_3,23.63750025803568,0.3525005228027252,2228374.0
2016,2016,contemporaneous,Age,45–64,age_4,22.45681019736079,0.3634416436336518,2327818.0
2016,2016,contemporaneous,Age,65+,age_5,22.287904583546148,0.3645847843396223,1162986.0
2016,2016,contemporaneous,Sex,Female,t_pop*female_p,22.66190443968993,0.3586273778101852,3960682.0
2016,2016,contemporaneous,Sex,Male,t_pop*male_p,22.308574801567666,0.3611465545698553,3374702.0
2021,2021,contemporaneous,Ethnicity,Chinese,ethn_chi,90.26821359919488,0.2247760989648097,6791505.0
2021,2021,contemporaneous,Ethnicity,Filipino,ethn_phi,121.28263483168396,0.2490063987917809,201288.0
2021,2021,contemporaneous,Ethnicity,Indonesian,ethn_ind,107.3523668743181,0.2357090064407137,142065.0
2021,2021,contemporaneous,Ethnicity,White,ethn_wh,167.2827749719872,0.3063869176180191,61579.0
2021,2021,contemporaneous,Ethnicity,Other,ethn_oth,167.3453536625169,0.1797780575371846,214470.0
2021,2021,contemporaneous,Occupation,Managers,wp_a,117.42476111855204,0.2226799086873383,356139.0
2021,2021,contemporaneous,Occupation,Professionals,wp_b,112.8086829334444,0.2056094229781958,412948.0
2021,2021,contemporaneous,Occupation,Clerical,wp_d,87.62794987672157,0.2240383983952909,502521.0
2021,2021,contemporaneous,Occupation,Service/sales,wp_e,89.17021693479393,0.221759888002776,668588.0
2021,2021,contemporaneous,Occupation,Elementary,wp_h,98.24764956881332,0.2323036918675978,668388.0
2021,2021,contemporaneous,Education,Primary or below,edu_pri_be,83.06127847195401,0.228068802915897,1214309.0
2021,2021,contemporaneous,Education,Secondary,edu_sec,90.74672628347405,0.2300859783459557,3104270.0
2021,2021,contemporaneous,Education,Post-secondary,edu_psec,105.29965689044435,0.2154285061494038,2284693.0
2021,2021,contemporaneous,Household income,<HK$10k,dhi_sb_1,101.11361206794156,0.2113288299506875,521978.0
2021,2021,contemporaneous,Household income,HK$10–20k,dhi_sb_2,101.13319196141282,0.2114123095718187,489489.0
2021,2021,contemporaneous,Household income,HK$20–40k,dhi_sb_3,93.27298342934355,0.2207495910674916,703050.0
2021,2021,contemporaneous,Household income,≥HK$40k,dhi_sb_4,104.68357507824942,0.2180209909751114,958793.0
2021,2021,contemporaneous,Age,15–24,age_2,89.17491787714319,0.2299660000372324,590883.0
2021,2021,contemporaneous,Age,25–44,age_3,98.25726615199632,0.2220544016540593,2159052.0
2021,2021,contemporaneous,Age,45–64,age_4,91.00609401468508,0.2290738371601675,2402029.0
2021,2021,contemporaneous,Age,65+,age_5,96.26352228472524,0.2189962433887224,1451308.0
2021,2021,contemporaneous,Sex,Female,t_pop*female_p,96.01788872984709,0.2239339621330485,4029688.0
2021,2021,contemporaneous,Sex,Male,t_pop*male_p,92.27154674098306,0.2263136460548695,3381219.0
2024,2021,2021-composition projection,Ethnicity,Chinese,ethn_chi,103.14566265526744,0.1938118127146058,6792393.0
2024,2021,2021-composition projection,Ethnicity,Filipino,ethn_phi,126.4690642263821,0.2416537498509598,201288.0
2024,2021,2021-composition projection,Ethnicity,Indonesian,ethn_ind,118.2510681730194,0.2207369865906451,142065.0
2024,2021,2021-composition projection,Ethnicity,White,ethn_wh,156.67591224281006,0.3291868981308563,61579.0
2024,2021,2021-composition projection,Ethnicity,Other,ethn_oth,180.98563973534615,0.1815674214891436,214620.0
2024,2021,2021-composition projection,Occupation,Managers,wp_a,126.38101415458571,0.1986836600316168,356139.0
2024,2021,2021-composition projection,Occupation,Professionals,wp_b,123.05460735976445,0.181950269767622,412948.0
2024,2021,2021-composition projection,Occupation,Clerical,wp_d,100.71572764768732,0.1907504790101054,502599.0
2024,2021,2021-composition projection,Occupation,Service/sales,wp_e,103.22435059594132,0.1898667544003948,668690.0
2024,2021,2021-composition projection,Occupation,Elementary,wp_h,109.64494652606388,0.211653578640341,668550.0
2024,2021,2021-composition projection,Education,Primary or below,edu_pri_be,97.16657637021436,0.196040733854912,1214518.0
2024,2021,2021-composition projection,Education,Secondary,edu_sec,104.0472672261026,0.1999884694443496,3104794.0
2024,2021,2021-composition projection,Education,Post-secondary,edu_psec,115.70301667997144,0.1889595850314412,2284896.0
2024,2021,2021-composition projection,Household income,<HK$10k,dhi_sb_1,116.11371973587674,0.1828078516710757,522029.0
2024,2021,2021-composition projection,Household income,HK$10–20k,dhi_sb_2,116.9268669243918,0.1885743226546912,489669.0
2024,2021,2021-composition projection,Household income,HK$20–40k,dhi_sb_3,107.25406848335132,0.1889571058196769,703149.0
2024,2021,2021-composition projection,Household income,≥HK$40k,dhi_sb_4,115.01256900070604,0.1894965620883814,958867.0
2024,2021,2021-composition projection,Age,15–24,age_2,101.1005239623532,0.2016519110160674,591073.0
2024,2021,2021-composition projection,Age,25–44,age_3,110.49610646902704,0.1952720979590627,2159351.0
2024,2021,2021-composition projection,Age,45–64,age_4,103.50503633956892,0.1987216630451976,2402340.0
2024,2021,2021-composition projection,Age,65+,age_5,109.14185459445903,0.1877592246066675,1451444.0
2024,2021,2021-composition projection,Sex,Female,t_pop*female_p,108.32578247605956,0.1957869298057347,4030315.0
2024,2021,2021-composition projection,Sex,Male,t_pop*male_p,104.909755946097,0.1971247593616096,3381630.0
