year,domain,group,metric,lower_95,upper_95,valid_replicate_n
2016,Ethnicity,Chinese,mean_joint_options,17.30856225571515,24.747268878067,999
2016,Ethnicity,Chinese,zero_joint_access_share,0.3153114907599821,0.4094771841541915,999
2016,Ethnicity,Filipino,mean_joint_options,28.301165247479325,49.96914019917744,999
2016,Ethnicity,Filipino,zero_joint_access_share,0.3089219232944399,0.4347694442228456,999
2016,Ethnicity,Indonesian,mean_joint_options,21.346090168693184,32.83665316179445,999
2016,Ethnicity,Indonesian,zero_joint_access_share,0.3123052147675019,0.4083568881570381,999
2016,Ethnicity,White,mean_joint_options,47.2703219257395,118.51385565626342,999
2016,Ethnicity,White,zero_joint_access_share,0.2815050267437126,0.5507116557026962,999
2016,Ethnicity,Other,mean_joint_options,36.70943121755409,67.17479167541995,999
2016,Ethnicity,Other,zero_joint_access_share,0.2342833883693857,0.3419286431952869,999
2016,Occupation,Managers,mean_joint_options,24.46751815094789,40.45657124084045,999
2016,Occupation,Managers,zero_joint_access_share,0.2867023870841672,0.3890034829433326,999
2016,Occupation,Professionals,mean_joint_options,24.90948563101625,40.224468849260745,999
2016,Occupation,Professionals,zero_joint_access_share,0.2659171097057525,0.3649482856225716,999
2016,Occupation,Clerical,mean_joint_options,16.99502104690104,24.278999588061637,999
2016,Occupation,Clerical,zero_joint_access_share,0.3068372536658474,0.4026080806337688,999
2016,Occupation,Service/sales,mean_joint_options,18.124863507742667,27.11441194779386,999
2016,Occupation,Service/sales,zero_joint_access_share,0.3056867070581861,0.4075689348633896,999
2016,Occupation,Elementary,mean_joint_options,19.641065709632315,29.384415701492426,999
2016,Occupation,Elementary,zero_joint_access_share,0.3271102502114503,0.4176676103920384,999
2016,Education,Primary or below,mean_joint_options,14.59007785915567,21.07005485493197,999
2016,Education,Primary or below,zero_joint_access_share,0.3348441255259958,0.4409268521806126,999
2016,Education,Secondary,mean_joint_options,17.39978675345805,25.13539543531285,999
2016,Education,Secondary,zero_joint_access_share,0.3201175982006806,0.416176561631125,999
2016,Education,Post-secondary,mean_joint_options,22.37233183156382,34.86724995648343,999
2016,Education,Post-secondary,zero_joint_access_share,0.2901596718828134,0.3827416830724698,999
2016,Household income,<HK$10k,mean_joint_options,18.81661655795841,28.731050300797467,999
2016,Household income,<HK$10k,zero_joint_access_share,0.3105234070242738,0.4096612527405854,999
2016,Household income,HK$10–20k,mean_joint_options,17.800317386596774,26.523773495831826,999
2016,Household income,HK$10–20k,zero_joint_access_share,0.2994190833529789,0.4031610310769011,999
2016,Household income,HK$20–40k,mean_joint_options,16.945203037752265,25.03729667757219,999
2016,Household income,HK$20–40k,zero_joint_access_share,0.3133830552046346,0.4091136765359457,999
2016,Household income,≥HK$40k,mean_joint_options,22.869067312242688,36.35005032518691,999
2016,Household income,≥HK$40k,zero_joint_access_share,0.2877772317083141,0.38611215423848,999
2016,Age,15–24,mean_joint_options,17.376934689834044,25.040854283258184,999
2016,Age,15–24,zero_joint_access_share,0.3185760919600899,0.4189837508677687,999
2016,Age,25–44,mean_joint_options,19.25291638206015,28.62499092640964,999
2016,Age,25–44,zero_joint_access_share,0.3074543823249789,0.3991742262709857,999
2016,Age,45–64,mean_joint_options,18.452826605614387,27.20411896106394,999
2016,Age,45–64,zero_joint_access_share,0.3180126712826689,0.4115790513288772,999
2016,Age,65+,mean_joint_options,18.24822870339173,27.0508127711012,999
2016,Age,65+,zero_joint_access_share,0.3181699896948344,0.4139135094399555,999
2016,Sex,Female,mean_joint_options,18.6898764001048,27.41571754188524,999
2016,Sex,Female,zero_joint_access_share,0.3139188486892085,0.4049430388492628,999
2016,Sex,Male,mean_joint_options,18.272529196622607,26.980975773082143,999
2016,Sex,Male,zero_joint_access_share,0.3157626021577813,0.409967494311638,999
2021,Ethnicity,Chinese,mean_joint_options,79.16758303060193,102.60759042279632,999
2021,Ethnicity,Chinese,zero_joint_access_share,0.1864149400274862,0.26645667330074,999
2021,Ethnicity,Filipino,mean_joint_options,99.73351155918446,146.19354801087712,999
2021,Ethnicity,Filipino,zero_joint_access_share,0.1963172754467252,0.2975713445331531,999
2021,Ethnicity,Indonesian,mean_joint_options,92.72349772397966,123.43361502064158,999
2021,Ethnicity,Indonesian,zero_joint_access_share,0.1925689095043938,0.2751313199038385,999
2021,Ethnicity,White,mean_joint_options,109.42039752028766,243.9616411099046,999
2021,Ethnicity,White,zero_joint_access_share,0.2144414496763576,0.393238980133116,999
2021,Ethnicity,Other,mean_joint_options,132.95981293950152,203.04895757088315,999
2021,Ethnicity,Other,zero_joint_access_share,0.1380981953573638,0.2256204653752118,999
2021,Occupation,Managers,mean_joint_options,99.20734669442204,137.31901692420624,999
2021,Occupation,Managers,zero_joint_access_share,0.1771948048659489,0.2671113321621918,999
2021,Occupation,Professionals,mean_joint_options,96.38069472894526,130.19608205246382,999
2021,Occupation,Professionals,zero_joint_access_share,0.1631368421502673,0.2493081905425314,999
2021,Occupation,Clerical,mean_joint_options,76.63575824041177,99.81108710493773,999
2021,Occupation,Clerical,zero_joint_access_share,0.1871171811949776,0.2647496076004728,999
2021,Occupation,Service/sales,mean_joint_options,76.35610763158014,103.03777385972414,999
2021,Occupation,Service/sales,zero_joint_access_share,0.1816317056192453,0.2656844323974439,999
2021,Occupation,Elementary,mean_joint_options,85.28810393927031,113.41999688440804,999
2021,Occupation,Elementary,zero_joint_access_share,0.193997582518784,0.2724188286448285,999
2021,Education,Primary or below,mean_joint_options,71.86362265386543,95.4825516984362,999
2021,Education,Primary or below,zero_joint_access_share,0.1869118806197768,0.2743155775611521,999
2021,Education,Secondary,mean_joint_options,78.91663570672296,103.72429649533646,999
2021,Education,Secondary,zero_joint_access_share,0.1919431614768316,0.2713502253667506,999
2021,Education,Post-secondary,mean_joint_options,90.81001775905769,120.82885182168268,999
2021,Education,Post-secondary,zero_joint_access_share,0.1776152551542985,0.2552543351014126,999
2021,Household income,<HK$10k,mean_joint_options,86.95684432927928,116.93197118281786,999
2021,Household income,<HK$10k,zero_joint_access_share,0.1739574252703578,0.2539698602387331,999
2021,Household income,HK$10–20k,mean_joint_options,85.42362885052475,118.4603995228314,999
2021,Household income,HK$10–20k,zero_joint_access_share,0.1731219632973948,0.2547528623448866,999
2021,Household income,HK$20–40k,mean_joint_options,80.33116431260622,106.34337749749714,999
2021,Household income,HK$20–40k,zero_joint_access_share,0.1834727927013275,0.2624155678514266,999
2021,Household income,≥HK$40k,mean_joint_options,89.92401319965113,120.6267634207374,999
2021,Household income,≥HK$40k,zero_joint_access_share,0.17861266184702,0.2593591811291286,999
2021,Age,15–24,mean_joint_options,77.17954550850637,101.97409790054724,999
2021,Age,15–24,zero_joint_access_share,0.1880616650506684,0.2742957460221081,999
2021,Age,25–44,mean_joint_options,85.65038712654072,111.91939065415563,999
2021,Age,25–44,zero_joint_access_share,0.1847229865172036,0.2623335322105225,999
2021,Age,45–64,mean_joint_options,79.78127542657117,103.33239950550244,999
2021,Age,45–64,zero_joint_access_share,0.1902345499523224,0.2693255796827568,999
2021,Age,65+,mean_joint_options,83.92703620205933,109.81806690825547,999
2021,Age,65+,zero_joint_access_share,0.1814875621831573,0.2579663549992123,999
2021,Sex,Female,mean_joint_options,83.90373355476774,109.54695605192316,999
2021,Sex,Female,zero_joint_access_share,0.1857230740028982,0.2642905863599005,999
2021,Sex,Male,mean_joint_options,80.77197403671549,104.71218006432096,999
2021,Sex,Male,zero_joint_access_share,0.1881417910294639,0.2672454176800292,999
2024,Ethnicity,Chinese,mean_joint_options,91.72399243759976,116.0867313826715,999
2024,Ethnicity,Chinese,zero_joint_access_share,0.1601073197892878,0.2311983811344278,999
2024,Ethnicity,Filipino,mean_joint_options,107.20750918588092,148.13232214159717,999
2024,Ethnicity,Filipino,zero_joint_access_share,0.1973354270847106,0.287948678869904,999
2024,Ethnicity,Indonesian,mean_joint_options,104.0181632208076,135.10012833576403,999
2024,Ethnicity,Indonesian,zero_joint_access_share,0.1825281761612639,0.2611652673122525,999
2024,Ethnicity,White,mean_joint_options,109.63285911200104,218.69362390091317,999
2024,Ethnicity,White,zero_joint_access_share,0.2263695013284773,0.4294774741861825,999
2024,Ethnicity,Other,mean_joint_options,148.12961494789735,217.71383590729135,999
2024,Ethnicity,Other,zero_joint_access_share,0.1417858188628353,0.2252691246522625,999
2024,Occupation,Managers,mean_joint_options,110.1913222470714,144.6842142459187,999
2024,Occupation,Managers,zero_joint_access_share,0.1652460834609059,0.2377926504883504,999
2024,Occupation,Professionals,mean_joint_options,108.21495075239704,139.75823209434432,999
2024,Occupation,Professionals,zero_joint_access_share,0.1508087070605607,0.2192110075346098,999
2024,Occupation,Clerical,mean_joint_options,89.16467820074631,113.67232951936816,999
2024,Occupation,Clerical,zero_joint_access_share,0.1563806252250343,0.2280820685599969,999
2024,Occupation,Service/sales,mean_joint_options,89.97722731902329,117.30544665315124,999
2024,Occupation,Service/sales,zero_joint_access_share,0.1540543622473876,0.2314329719236453,999
2024,Occupation,Elementary,mean_joint_options,96.97380712420455,123.9740137177372,999
2024,Occupation,Elementary,zero_joint_access_share,0.1760788814292756,0.2495006659120722,999
2024,Education,Primary or below,mean_joint_options,85.3811630711323,110.29979046400253,999
2024,Education,Primary or below,zero_joint_access_share,0.1581901224215503,0.2386773362904182,999
2024,Education,Secondary,mean_joint_options,91.53500286937197,117.83422204907018,999
2024,Education,Secondary,zero_joint_access_share,0.1640598482969185,0.2384983724202297,999
2024,Education,Post-secondary,mean_joint_options,102.41345582910098,130.97366286234737,999
2024,Education,Post-secondary,zero_joint_access_share,0.1573909518234742,0.2236571574400169,999
2024,Household income,<HK$10k,mean_joint_options,101.6205083205199,132.14182462383476,999
2024,Household income,<HK$10k,zero_joint_access_share,0.1464019739474667,0.2240700099988424,999
2024,Household income,HK$10–20k,mean_joint_options,100.69979055203524,134.3818985672083,999
2024,Household income,HK$10–20k,zero_joint_access_share,0.1509457497125443,0.2316901712328491,999
2024,Household income,HK$20–40k,mean_joint_options,93.96799910814283,121.43011041227228,999
2024,Household income,HK$20–40k,zero_joint_access_share,0.1548573699197475,0.2280544645304648,999
2024,Household income,≥HK$40k,mean_joint_options,101.6264153189993,130.23959816150858,999
2024,Household income,≥HK$40k,zero_joint_access_share,0.1597658533143212,0.2242387497489157,999
2024,Age,15–24,mean_joint_options,88.52352662122863,114.78519267401668,999
2024,Age,15–24,zero_joint_access_share,0.1651835620456356,0.2420913674238695,999
2024,Age,25–44,mean_joint_options,97.46700129842417,124.3185834129021,999
2024,Age,25–44,zero_joint_access_share,0.1623408380794251,0.231417299732784,999
2024,Age,45–64,mean_joint_options,91.9665946084845,116.50200260005543,999
2024,Age,45–64,zero_joint_access_share,0.1654734327681921,0.2353831059673226,999
2024,Age,65+,mean_joint_options,96.93066752739615,123.5143477742678,999
2024,Age,65+,zero_joint_access_share,0.1538296658531259,0.2261834578888596,999
2024,Sex,Female,mean_joint_options,96.28430172898462,122.27724272592312,999
2024,Sex,Female,zero_joint_access_share,0.1623160111664237,0.2319147447246888,999
2024,Sex,Male,mean_joint_options,93.01252988963216,118.10796898964716,999
2024,Sex,Male,zero_joint_access_share,0.1628636127101616,0.2340346452164533,999
