year,threshold_min,outcome,lsbg_n,population_analyzed,population_weighted_mean,weighted_gini,theil_t,theil_l,zero_access_population_share,bottom_access_quintile_mean,concentration_index,income_quintile_low_mean,income_quintile_high_mean,income_quintile_absolute_gap,income_quintile_relative_ratio,income_bottom40_mean,income_top10_mean,palma_top10_bottom40_ratio
2016,10.0,opportunity_n_all_valid_tiers,1621,7334238.0,74.55138216130973,0.730431117709939,1.016823029934464,inf,0.1956016425973632,0.0219917870131839,-0.0877081244070512,83.41520032483265,58.44263319376723,-24.972567131065425,0.7006233032610591,90.89951314334104,59.53767930628921,0.6549834784307723
2016,10.0,opportunity_n_le_100,1621,7334238.0,55.24709751715175,0.7135951089051087,0.9523588737321648,inf,0.2152158138309665,0.0,-0.1106923216986499,64.35662695974686,39.44408284991372,-24.912544109833146,0.6128985422835291,69.42654130727198,38.47480897129326,0.5541801196895181
2016,15.0,opportunity_n_all_valid_tiers,1621,7334238.0,149.2508811412992,0.6799699206762599,0.84697742402719,inf,0.1327596677391707,0.5676550174673908,-0.0602749644887173,174.90340087136522,137.75759909148093,-37.145801779884295,0.7876210434169681,176.52037569740082,159.6912328179151,0.9046617546954748
2016,15.0,opportunity_n_le_100,1621,7334238.0,109.72741749040595,0.6587678132877003,0.7821694440183338,inf,0.1440588647382318,0.4197455822949843,-0.0855128880557126,134.07795056555295,92.65884301962164,-41.41910754593131,0.6910818865352449,134.02529102030255,104.63787785452284,0.7807323308753121
2021,10.0,opportunity_n_all_valid_tiers,1743,7407424.0,135.0256677625042,0.6832363186296881,0.8646362487454582,inf,0.1381144106237202,0.5755706707216977,-0.0646111922977652,157.01087338760917,116.42809807312258,-40.58277531448658,0.7415288862555346,148.0240600511055,93.7709182031433,0.6334843009357315
2021,10.0,opportunity_n_le_100,1743,7407424.0,100.53732269139716,0.6621994454773432,0.7961912130320071,inf,0.1464899268625638,0.4488303896199273,-0.0921301728259912,124.39125410367328,79.45393146730396,-44.93732263636933,0.6387421048193908,115.06901792039986,61.4580223840299,0.5340970444932805
2021,15.0,opportunity_n_all_valid_tiers,1743,7407424.0,277.6891546912935,0.6320968937488056,0.7143564831183836,inf,0.0940384943537726,3.918980201484349,-0.0503583508991876,328.8473698088332,265.72752364647107,-63.11984616236214,0.8080573179008389,305.5455590904476,251.54010355016823,0.823249090246824
2021,15.0,opportunity_n_le_100,1743,7407424.0,206.21705183880388,0.6101749435710575,0.6575341846125701,inf,0.1001283307125392,3.0074531983048365,-0.077386229583176,258.8025565025741,183.2065572794119,-75.59599922316218,0.7079008791692122,236.27400395873116,167.49158141885775,0.7088870489878891
2024,10.0,opportunity_n_all_valid_tiers,1744,7408462.0,129.32612234496176,0.6689001868847764,0.8252059413114508,inf,0.1405808655021784,0.6268369872181301,-0.050586791719511,143.10255115657577,115.3611692540951,-27.74138190248067,0.8061433449070561,137.8424874150667,87.64097325463771,0.6358052215840835
2024,10.0,opportunity_n_le_100,1744,7408462.0,90.79512171352164,0.6425159957879116,0.7425367121938068,inf,0.1480972703916143,0.4100022379813788,-0.0815424221844142,108.07094727488234,73.97809676759223,-34.09285050729011,0.6845326947993366,101.72813230330397,53.826956256237786,0.5291255726169424
2024,15.0,opportunity_n_all_valid_tiers,1744,7408462.0,267.1177045923972,0.6112714650705546,0.6641818516391137,inf,0.0930630406149076,4.634197894245798,-0.0389244372625039,306.62804654690615,259.6974827287364,-46.93056381816973,0.8469462779198491,287.4793513147533,236.72476041585952,0.8234496124094702
2024,15.0,opportunity_n_le_100,1744,7408462.0,186.8890005779877,0.583244037269856,0.5951261375606605,inf,0.1003290561522756,3.50718367725987,-0.0713477087842908,229.98900853886587,166.68074832858383,-63.30826021028204,0.7247335400396598,211.4887192510402,145.5237581025589,0.6880922945578959
