year,threshold_min,outcome,metric,ci_low,ci_high,valid_replicate_n
2016,10.0,opportunity_n_all_valid_tiers,population_weighted_mean,63.42119679134512,87.98759276945292,999
2016,10.0,opportunity_n_all_valid_tiers,weighted_gini,0.7045165949907461,0.7511211432716678,999
2016,10.0,opportunity_n_all_valid_tiers,theil_t,0.9255849108568605,1.1008111896756845,999
2016,10.0,opportunity_n_all_valid_tiers,zero_access_population_share,0.1621385828953254,0.231338564149178,999
2016,10.0,opportunity_n_all_valid_tiers,concentration_index,-0.1510390231140609,-0.0142717568475276,999
2016,10.0,opportunity_n_all_valid_tiers,income_quintile_relative_ratio,0.4841118858626352,1.0421349215763678,999
2016,10.0,opportunity_n_le_100,population_weighted_mean,47.18609411175684,63.0029115977489,999
2016,10.0,opportunity_n_le_100,weighted_gini,0.6878032906734521,0.7363804462349542,999
2016,10.0,opportunity_n_le_100,theil_t,0.8689650107287153,1.037071797017736,999
2016,10.0,opportunity_n_le_100,zero_access_population_share,0.1796409945790997,0.254845579979585,999
2016,10.0,opportunity_n_le_100,concentration_index,-0.1745958456625548,-0.0424366521282769,999
2016,10.0,opportunity_n_le_100,income_quintile_relative_ratio,0.4245593811451366,0.8888005167867843,999
2016,15.0,opportunity_n_all_valid_tiers,population_weighted_mean,128.427401963741,170.26651058568982,999
2016,15.0,opportunity_n_all_valid_tiers,weighted_gini,0.6545607914372453,0.7021430846385008,999
2016,15.0,opportunity_n_all_valid_tiers,theil_t,0.7736470991584452,0.918401817417815,999
2016,15.0,opportunity_n_all_valid_tiers,zero_access_population_share,0.1064064266276951,0.1626370615204646,999
2016,15.0,opportunity_n_all_valid_tiers,concentration_index,-0.1233791175759738,0.0028701849347363,999
2016,15.0,opportunity_n_all_valid_tiers,income_quintile_relative_ratio,0.5636916574940016,1.1011066844631847,999
2016,15.0,opportunity_n_le_100,population_weighted_mean,95.21250630491596,125.13708807149374,999
2016,15.0,opportunity_n_le_100,weighted_gini,0.6328930794397266,0.6820800786404654,999
2016,15.0,opportunity_n_le_100,theil_t,0.713201110311453,0.8517542229384114,999
2016,15.0,opportunity_n_le_100,zero_access_population_share,0.1142748401573607,0.1770344631122983,999
2016,15.0,opportunity_n_le_100,concentration_index,-0.1402963340762861,-0.0259773872155758,999
2016,15.0,opportunity_n_le_100,income_quintile_relative_ratio,0.5166383984681192,0.9562380222863032,999
2021,10.0,opportunity_n_all_valid_tiers,population_weighted_mean,116.55181278228936,154.19148065032914,999
2021,10.0,opportunity_n_all_valid_tiers,weighted_gini,0.658040690934158,0.7072199881740951,999
2021,10.0,opportunity_n_all_valid_tiers,theil_t,0.7906041676159854,0.944271437327359,999
2021,10.0,opportunity_n_all_valid_tiers,zero_access_population_share,0.1102435476469188,0.1683993993559942,999
2021,10.0,opportunity_n_all_valid_tiers,concentration_index,-0.1299549072937336,-0.00093504833876,999
2021,10.0,opportunity_n_all_valid_tiers,income_quintile_relative_ratio,0.5171142715634977,1.0229665334374851,999
2021,10.0,opportunity_n_le_100,population_weighted_mean,87.53570269759707,113.53538977506584,999
2021,10.0,opportunity_n_le_100,weighted_gini,0.6380207534756228,0.6830745064674189,999
2021,10.0,opportunity_n_le_100,theil_t,0.7296852766745815,0.8607946345979106,999
2021,10.0,opportunity_n_le_100,zero_access_population_share,0.1180788036332794,0.1792806055426553,999
2021,10.0,opportunity_n_le_100,concentration_index,-0.1502461009159315,-0.0289765717555523,999
2021,10.0,opportunity_n_le_100,income_quintile_relative_ratio,0.4643790004476551,0.8683897293486564,999
2021,15.0,opportunity_n_all_valid_tiers,population_weighted_mean,245.6411939448565,313.931794800522,999
2021,15.0,opportunity_n_all_valid_tiers,weighted_gini,0.607614647656652,0.6566401753901752,999
2021,15.0,opportunity_n_all_valid_tiers,theil_t,0.6524024356597333,0.7810039416289833,999
2021,15.0,opportunity_n_all_valid_tiers,zero_access_population_share,0.0715245250301366,0.1196359117294483,999
2021,15.0,opportunity_n_all_valid_tiers,concentration_index,-0.1062568973785419,0.0071921325151006,999
2021,15.0,opportunity_n_all_valid_tiers,income_quintile_relative_ratio,0.5945573727387115,1.1000737787367147,999
2021,15.0,opportunity_n_le_100,population_weighted_mean,182.65378833587863,231.96347852794628,999
2021,15.0,opportunity_n_le_100,weighted_gini,0.5829039568593077,0.6345005715510409,999
2021,15.0,opportunity_n_le_100,theil_t,0.5948809702750157,0.7210661209904828,999
2021,15.0,opportunity_n_le_100,zero_access_population_share,0.0761056686815017,0.1246729721977709,999
2021,15.0,opportunity_n_le_100,concentration_index,-0.1340256302989484,-0.0187683849424241,999
2021,15.0,opportunity_n_le_100,income_quintile_relative_ratio,0.5375643865296308,0.96006410167447,999
2024,10.0,opportunity_n_all_valid_tiers,population_weighted_mean,112.8525297238522,147.7928678538451,999
2024,10.0,opportunity_n_all_valid_tiers,weighted_gini,0.6420796306813569,0.69341812292121,999
2024,10.0,opportunity_n_all_valid_tiers,theil_t,0.7483997319085639,0.9030455366801026,999
2024,10.0,opportunity_n_all_valid_tiers,zero_access_population_share,0.1128865542682507,0.1694720580812575,999
2024,10.0,opportunity_n_all_valid_tiers,concentration_index,-0.1090440637257809,0.0069852766995342,999
2024,10.0,opportunity_n_all_valid_tiers,income_quintile_relative_ratio,0.5681606812493653,1.0764764581451474,999
2024,10.0,opportunity_n_le_100,population_weighted_mean,80.27467033080099,101.06295371072304,999
2024,10.0,opportunity_n_le_100,weighted_gini,0.6162886324308483,0.6660470430090188,999
2024,10.0,opportunity_n_le_100,theil_t,0.6750308736414138,0.8092184183141368,999
2024,10.0,opportunity_n_le_100,zero_access_population_share,0.1180698149555733,0.178778500767928,999
2024,10.0,opportunity_n_le_100,concentration_index,-0.1355070540534601,-0.0199902601504344,999
2024,10.0,opportunity_n_le_100,income_quintile_relative_ratio,0.496795671438806,0.935085620527978,999
2024,15.0,opportunity_n_all_valid_tiers,population_weighted_mean,237.38769358910335,299.5479446618226,999
2024,15.0,opportunity_n_all_valid_tiers,weighted_gini,0.5823069418204343,0.6372298550378142,999
2024,15.0,opportunity_n_all_valid_tiers,theil_t,0.5971719414385158,0.7310811643861915,999
2024,15.0,opportunity_n_all_valid_tiers,zero_access_population_share,0.0712696880926375,0.114398834295418,999
2024,15.0,opportunity_n_all_valid_tiers,concentration_index,-0.0967587479040968,0.012333712302216,999
2024,15.0,opportunity_n_all_valid_tiers,income_quintile_relative_ratio,0.6186518336838048,1.103474651792805,999
2024,15.0,opportunity_n_le_100,population_weighted_mean,167.9681141518376,207.3090959195285,999
2024,15.0,opportunity_n_le_100,weighted_gini,0.555151280171142,0.6085393428192085,999
2024,15.0,opportunity_n_le_100,theil_t,0.5347614093460165,0.6541986414721612,999
2024,15.0,opportunity_n_le_100,zero_access_population_share,0.0791576154261183,0.1242844282434846,999
2024,15.0,opportunity_n_le_100,concentration_index,-0.1235119756192843,-0.0193607585387877,999
2024,15.0,opportunity_n_le_100,income_quintile_relative_ratio,0.5513470385482762,0.9324402451517458,999
