year,variant,dcca_n,pearson,spearman,mae,direct_population_weighted_mean,aggregated_population_weighted_mean
2011,Equal six (strict),283,0.8134634914579622,0.7715177615576929,0.0315909374766218,0.3883586182443934,0.3717165035263454
2011,Equal five (no practice),283,0.8085432570205119,0.767095770624045,0.0369230832573374,0.4420747458319168,0.4210546305521965
2011,Geometric six,283,0.7255217615550038,0.7706026769722009,0.0901632840186511,0.2031254072661962,0.1255377097251372
2011,Absolute-PC1 weights,283,0.8348670116018455,0.8045720378961234,0.0287428445791907,0.3903699881983014,0.3812693902955546
2011,Entropy weights,283,0.7905438373970761,0.784902331816627,0.0466571029161848,0.2279114299726719,0.2129498640743716
2016,Equal six (strict),330,0.7815104621755985,0.7530909792142676,0.0317197286860251,0.4085123096894056,0.3931712555151922
2016,Equal five (no practice),330,0.7916411520706563,0.7536362718081557,0.0353688831598626,0.4559624913747306,0.437382418387942
2016,Geometric six,330,0.6408868604321705,0.6892538862052248,0.1133591533746072,0.2715348739646594,0.1836289481904679
2016,Absolute-PC1 weights,330,0.8043375403950285,0.775512422269509,0.0306039017614957,0.4217039512233211,0.4145833423622459
2016,Entropy weights,330,0.7662860600674412,0.7758960972176887,0.050383094541815,0.2662487609542341,0.2481996563055553
2021,Equal six (strict),373,0.7028091564751793,0.7130046927295757,0.0330036642547466,0.4317394503588967,0.4149119541391537
2021,Equal five (no practice),373,0.7190832705085388,0.7433543558862145,0.0385937635660998,0.4807293466735499,0.4625170334456656
2021,Geometric six,373,0.6444572478082576,0.6214351323580655,0.109801347268762,0.3212005700428997,0.2271160521641904
2021,Absolute-PC1 weights,373,0.777970309337139,0.7929311685206499,0.0345450925069466,0.4514183817960053,0.4418089256608939
2021,Entropy weights,373,0.7524564538545354,0.7677265350803155,0.0496751501799774,0.2879566040154509,0.2646076110682047
2024,Equal six (strict),369,0.698838062974641,0.7280666934166404,0.0338258536511838,0.4428502752513795,0.4269359218941454
2024,Equal five (no practice),369,0.7016133502234937,0.7400977329397266,0.0401533647827986,0.4923170002394731,0.4744864474922946
2024,Geometric six,369,0.6545071356138538,0.6167335210486735,0.1117361248314966,0.324577307181653,0.2312552084905233
2024,Absolute-PC1 weights,369,0.7537185074923489,0.792486601129231,0.0390601590774144,0.4656066352615732,0.4578135152009331
2024,Entropy weights,369,0.8048573268144917,0.7940455036160232,0.0490198356767599,0.2957394101389193,0.2745472051756765
