year,scale,variant,spearman_vs_equal,pearson_vs_equal,low_quintile_jaccard,high_quintile_jaccard
2011,LSBG,Equal six (strict),1.0,1.0,1.0,1.0
2011,LSBG,Available components (≥4/6),1.0,1.0,1.0,1.0
2011,LSBG,Equal five (no practice),0.9186122234853222,0.9267956448685748,0.7828571428571428,0.6595744680851063
2011,LSBG,Geometric six,0.4531635998696452,0.4264169509514,0.2683823529411764,0.3220338983050847
2011,LSBG,Absolute-PC1 weights,0.8622617824349661,0.8741101724755063,0.625,0.5522388059701493
2011,LSBG,Entropy weights,0.6805434830125374,0.5379760526253022,0.56,0.2786885245901639
2011,LSBG,Equal six (coverage ≥50%),1.0,1.0,1.0,1.0
2011,DCCA,Equal six (strict),1.0,1.0,1.0,1.0
2011,DCCA,Available components (≥4/6),1.0,1.0,1.0,1.0
2011,DCCA,Equal five (no practice),0.9015742512580988,0.9097813376768844,0.7222222222222222,0.6103896103896104
2011,DCCA,Geometric six,0.5516290888186183,0.482473427736103,0.3605442176870748,0.3478260869565217
2011,DCCA,Absolute-PC1 weights,0.8772201803433842,0.8926511679686184,0.631578947368421,0.5308641975308642
2011,DCCA,Entropy weights,0.6062870513914775,0.5667927118911169,0.5308641975308642,0.2916666666666667
2011,DCCA,Equal six (coverage ≥50%),1.0,1.0,1.0,1.0
2016,LSBG,Equal six (strict),1.0,1.0,1.0,1.0
2016,LSBG,Available components (≥4/6),1.0,1.0,1.0,1.0
2016,LSBG,Equal five (no practice),0.8900302366546026,0.906587227722031,0.7387387387387387,0.5078125
2016,LSBG,Geometric six,0.5522477324308233,0.4804486085048045,0.3069139966273187,0.445692883895131
2016,LSBG,Absolute-PC1 weights,0.8298720600785755,0.8512728342387867,0.6286919831223629,0.5196850393700787
2016,LSBG,Entropy weights,0.6756876358482828,0.5733887161357514,0.5564516129032258,0.3310344827586207
2016,LSBG,Equal six (coverage ≥50%),1.0,1.0,1.0,1.0
2016,DCCA,Equal six (strict),1.0,1.0,1.0,1.0
2016,DCCA,Available components (≥4/6),1.0,1.0,1.0,1.0
2016,DCCA,Equal five (no practice),0.8676413541116338,0.8897358116566911,0.6781609195402298,0.5368421052631579
2016,DCCA,Geometric six,0.704682605802126,0.5328311735190526,0.3098591549295774,0.6404494382022472
2016,DCCA,Absolute-PC1 weights,0.845313733002237,0.8683053997611787,0.5698924731182796,0.5869565217391305
2016,DCCA,Entropy weights,0.5666211879420626,0.5858675139172588,0.3394495412844037,0.3394495412844037
2016,DCCA,Equal six (coverage ≥50%),1.0,0.9999999999999998,1.0,1.0
2021,LSBG,Equal six (strict),0.9999999999999998,1.0,1.0,1.0
2021,LSBG,Available components (≥4/6),0.9999999999999998,1.0,1.0,1.0
2021,LSBG,Equal five (no practice),0.9008481184426818,0.9130043011183692,0.6617647058823529,0.5640138408304498
2021,LSBG,Geometric six,0.4857022254385696,0.4046059638682318,0.3042763157894737,0.4080996884735202
2021,LSBG,Absolute-PC1 weights,0.8502900137273226,0.8649975176214008,0.6028368794326241,0.5167785234899329
2021,LSBG,Entropy weights,0.5529917126476817,0.5119442374075398,0.5117056856187291,0.2625698324022346
2021,LSBG,Equal six (coverage ≥50%),0.9999999999999998,0.9999999999999998,1.0,1.0
2021,DCCA,Equal six (strict),1.0,1.0,1.0,1.0
2021,DCCA,Available components (≥4/6),1.0,1.0,1.0,1.0
2021,DCCA,Equal five (no practice),0.8704702529390808,0.884921827940719,0.6161616161616161,0.6326530612244898
2021,DCCA,Geometric six,0.7286359433078728,0.5812884618390564,0.3577235772357723,0.4545454545454545
2021,DCCA,Absolute-PC1 weights,0.8665494159338495,0.869600838556697,0.5686274509803921,0.6161616161616161
2021,DCCA,Entropy weights,0.4735872724204525,0.5064594301539179,0.3445378151260504,0.1678832116788321
2021,DCCA,Equal six (coverage ≥50%),1.0,1.0,1.0,1.0
2024,LSBG,Equal six (strict),1.0,1.0,1.0,1.0
2024,LSBG,Available components (≥4/6),1.0,1.0,1.0,1.0
2024,LSBG,Equal five (no practice),0.905517931573908,0.9196894181073814,0.6946564885496184,0.6383763837638377
2024,LSBG,Geometric six,0.4660006325169293,0.3919963726044554,0.2991735537190083,0.3619631901840491
2024,LSBG,Absolute-PC1 weights,0.849285669791174,0.8599818899795694,0.5524475524475524,0.6086956521739131
2024,LSBG,Entropy weights,0.516330920420073,0.4869436000870978,0.5310344827586206,0.2131147540983606
2024,LSBG,Equal six (coverage ≥50%),1.0,1.0,1.0,1.0
2024,DCCA,Equal six (strict),1.0,1.0,1.0,1.0
2024,DCCA,Available components (≥4/6),1.0,1.0,1.0,1.0
2024,DCCA,Equal five (no practice),0.8917373294991866,0.903437773093829,0.6161616161616161,0.5841584158415841
2024,DCCA,Geometric six,0.6729401590150654,0.5317336627507468,0.3100775193798449,0.4414414414414414
2024,DCCA,Absolute-PC1 weights,0.8775992012577966,0.8711858583015425,0.6326530612244898,0.5686274509803921
2024,DCCA,Entropy weights,0.3858608744815598,0.4707812157473088,0.2903225806451613,0.1510791366906475
2024,DCCA,Equal six (coverage ≥50%),1.0,0.9999999999999996,1.0,1.0
