specification,year,model,predictor,standardized_beta,se_cluster_dcca,ci_low,ci_high,p_value,lsbg_n,dcca_cluster_n,weighted_r2
Six-domain primary,2011,Income only,log_income,0.2028385715023754,0.061830845241359,0.0811647286359339,0.3245124143688169,0.0011573732903798,778,303,0.0411434860891242
Five-domain sensitivity,2011,Income only,log_income,0.220150107993243,0.0601778810152234,0.1017290511550303,0.3385711648314558,0.0002994750074106,778,303,0.0484660700494365
Six-domain primary,2011,Income + market composition,log_income,0.158172241767826,0.0787473836897613,0.0032091848694499,0.313135298666202,0.0454691540381414,778,303,0.0488938704101088
Six-domain primary,2011,Income + market composition,log_supply,0.0645260543074166,0.0481178341076559,-0.0301626364816944,0.1592147450965277,0.1809278956106488,778,303,0.0488938704101088
Six-domain primary,2011,Income + market composition,low_price_share,-0.0555680540856886,0.0644429085138102,-0.1823820462567176,0.0712459380853404,0.3892157403142406,778,303,0.0488938704101088
Six-domain primary,2011,Income + market composition,ageing_share,-0.0371596908671608,0.0817000096583283,-0.1979330734491082,0.1236136917147864,0.6495576554281751,778,303,0.0488938704101088
Five-domain sensitivity,2011,Income + market composition,log_income,0.1359273262813537,0.0718666324740428,-0.0054954427727216,0.2773500953354292,0.0595299985888532,778,303,0.0963506899346036
Five-domain sensitivity,2011,Income + market composition,log_supply,0.1902967538037978,0.0472060531974497,0.097402311286144,0.2831911963214517,7.031645011746997e-05,778,303,0.0963506899346036
Five-domain sensitivity,2011,Income + market composition,low_price_share,-0.1006754237887416,0.0697326916018298,-0.2378989168122469,0.0365480692347636,0.1498504934949378,778,303,0.0963506899346036
Five-domain sensitivity,2011,Income + market composition,ageing_share,-0.052839429846954,0.0718000076916469,-0.1941310913078433,0.0884522316139353,0.4623474624426392,778,303,0.0963506899346036
Six-domain primary,2016,Income only,log_income,0.2191175814374432,0.0503638339823015,0.120061780072151,0.3181733828027355,1.7855715448111454e-05,965,349,0.0480125144949944
Five-domain sensitivity,2016,Income only,log_income,0.2729006460892643,0.0523627189081321,0.1699134294104609,0.3758878627680676,3.2134956768706894e-07,965,349,0.0744747626359377
Six-domain primary,2016,Income + market composition,log_income,0.192698057741635,0.0542250321429148,0.0860480355280223,0.2993480799552476,0.0004323113797325,965,349,0.0748408800136337
Six-domain primary,2016,Income + market composition,log_supply,0.1289299410836688,0.0440480837413524,0.0422959839639933,0.2155638982033444,0.0036472273571845,965,349,0.0748408800136337
Six-domain primary,2016,Income + market composition,low_price_share,-0.0845537152394222,0.0522815528463488,-0.1873812941651421,0.0182738636862975,0.10672469773243,965,349,0.0748408800136337
Six-domain primary,2016,Income + market composition,ageing_share,0.0035500832041096,0.0476675297574134,-0.0902026156250498,0.0973027820332691,0.9406744912933634,965,349,0.0748408800136337
Five-domain sensitivity,2016,Income + market composition,log_income,0.2194151304605333,0.053087536758222,0.1150023389732323,0.3238279219478342,4.489137295111898e-05,965,349,0.1674810180345549
Five-domain sensitivity,2016,Income + market composition,log_supply,0.2528970690657272,0.0388821766997389,0.1764234397313718,0.3293706984000826,2.717990619652296e-10,965,349,0.1674810180345549
Five-domain sensitivity,2016,Income + market composition,low_price_share,-0.1360166516536657,0.0484076038800058,-0.2312249313925086,-0.0408083719148228,0.0052371461424534,965,349,0.1674810180345549
Five-domain sensitivity,2016,Income + market composition,ageing_share,-0.0128051497594305,0.0448684242260152,-0.1010525560086783,0.0754422564898173,0.7755125885178545,965,349,0.1674810180345549
Six-domain primary,2021,Income only,log_income,0.2171978115822418,0.061320179780413,0.0966284554530505,0.337767167711433,0.0004464247445905,1126,381,0.0471748893561151
Five-domain sensitivity,2021,Income only,log_income,0.2368714910091488,0.0695566785913624,0.1001073135022122,0.3736356685160854,0.0007310356763183,1126,381,0.0561081032528972
Six-domain primary,2021,Income + market composition,log_income,0.1556467819145944,0.0612748317856837,0.0351665902096732,0.2761269736195157,0.0114780963782268,1126,381,0.1375625342734191
Six-domain primary,2021,Income + market composition,log_supply,0.2514159611363779,0.0325848117464068,0.1873468441519866,0.3154850781207691,1.07020800683401e-13,1126,381,0.1375625342734191
Six-domain primary,2021,Income + market composition,low_price_share,-0.1336519820545274,0.0453240934082707,-0.2227694109163402,-0.0445345531927146,0.0033872379301234,1126,381,0.1375625342734191
Six-domain primary,2021,Income + market composition,ageing_share,-0.0029056188959905,0.0424138991007089,-0.0863009468910077,0.0804897090990266,0.945418645445346,1126,381,0.1375625342734191
Five-domain sensitivity,2021,Income + market composition,log_income,0.1430609714944135,0.0637351799843812,0.0177431782163586,0.2683787647724684,0.0253675933250468,1126,381,0.2328246685285935
Five-domain sensitivity,2021,Income + market composition,log_supply,0.3400794150386387,0.0301572306013349,0.2807834721816035,0.399375357895674,1.2270213057143833e-25,1126,381,0.2328246685285935
Five-domain sensitivity,2021,Income + market composition,low_price_share,-0.2031335132027786,0.0434938261414292,-0.2886522222516741,-0.1176148041538831,4.177131497985919e-06,1126,381,0.2328246685285935
Five-domain sensitivity,2021,Income + market composition,ageing_share,-0.0129279545903614,0.0413740288032024,-0.0942786621573693,0.0684227529766465,0.7548582112447456,1126,381,0.2328246685285935
Six-domain primary,2024,Income only,log_income,0.2488759166901091,0.0522640832805279,0.1461120302474145,0.3516398031328036,2.734647939327296e-06,1107,380,0.0619392219083422
Five-domain sensitivity,2024,Income only,log_income,0.2639422525214367,0.0569290023402571,0.1520060017622139,0.3758785032806594,4.887830502600648e-06,1107,380,0.0696655126660898
Six-domain primary,2024,Income + market composition,log_income,0.1506954894206197,0.0468264435462976,0.0586233238900743,0.2427676549511652,0.0014012079451924,1107,380,0.1824048225698358
Six-domain primary,2024,Income + market composition,log_supply,0.2489455759939055,0.0317569399530499,0.1865037159963617,0.3113874359914494,4.6421222255718956e-14,1107,380,0.1824048225698358
Six-domain primary,2024,Income + market composition,low_price_share,-0.2097425042017445,0.0432006966953119,-0.2946855704679876,-0.1247994379355014,1.762686802664076e-06,1107,380,0.1824048225698358
Six-domain primary,2024,Income + market composition,ageing_share,-0.0307940775624782,0.0421341991535314,-0.1136401505324515,0.0520519954074951,0.4653180294628587,1107,380,0.1824048225698358
Five-domain sensitivity,2024,Income + market composition,log_income,0.1340784499272373,0.045113619198471,0.0453741132330183,0.2227827866214562,0.0031473119219958,1107,380,0.2857389959194011
Five-domain sensitivity,2024,Income + market composition,log_supply,0.3240237459739761,0.0294706361768187,0.2660773147084935,0.3819701772394586,1.3590055351826675e-24,1107,380,0.2857389959194011
Five-domain sensitivity,2024,Income + market composition,low_price_share,-0.2946311019013002,0.0425078736230647,-0.3782119096708403,-0.2110502941317601,1.803844834117461e-11,1107,380,0.2857389959194011
Five-domain sensitivity,2024,Income + market composition,ageing_share,-0.0307042232259966,0.0405343246598457,-0.1104045542165458,0.0489961077645526,0.4492288521465029,1107,380,0.2857389959194011
