year,alternative,metric,difference_lower_95,difference_upper_95,bootstrap_repetitions,dcca_blocks
2016,five_fixed_045,population_weighted_mean,-1.5004506421295978,1.1477995287253115,999,411
2016,five_fixed_045,zero_access_population_share,0.0476957746348587,0.1102666982644228,999,411
2016,five_fixed_045,weighted_gini,0.0211539340073188,0.0529958383574086,999,411
2016,five_fixed_045,concentration_index,-0.0337149683916581,0.0335484312941385,999,411
2016,five_prevalence_matched,population_weighted_mean,0.6359451221945221,3.6508430121032434,999,411
2016,five_prevalence_matched,zero_access_population_share,0.0307749105246859,0.0933853689203382,999,411
2016,five_prevalence_matched,weighted_gini,0.0213671858211938,0.0544094042022514,999,411
2016,five_prevalence_matched,concentration_index,-0.0496241106951862,0.0144565788977847,999,411
2021,five_fixed_045,population_weighted_mean,-2.2052901722739437,1.779369067225181,999,431
2021,five_fixed_045,zero_access_population_share,0.0189988703912721,0.0600271284822194,999,431
2021,five_fixed_045,weighted_gini,0.0183539004394957,0.0379904497729975,999,431
2021,five_fixed_045,concentration_index,-0.0245164528382867,-0.0064798531727101,999,431
2021,five_prevalence_matched,population_weighted_mean,4.6482805879711,10.320003659673665,999,431
2021,five_prevalence_matched,zero_access_population_share,0.005954827758356,0.0464204877432457,999,431
2021,five_prevalence_matched,weighted_gini,0.0112244436658851,0.0289562235910691,999,431
2021,five_prevalence_matched,concentration_index,-0.0260699618713271,-0.0056802872783056,999,431
2024,five_fixed_045,population_weighted_mean,-7.180051884829184,-3.080278727479913,999,431
2024,five_fixed_045,zero_access_population_share,-0.0046878564068174,0.0298442117237206,999,431
2024,five_fixed_045,weighted_gini,-0.0021918712237116,0.0100421628985558,999,431
2024,five_fixed_045,concentration_index,0.0035521494273774,0.0240216974717192,999,431
2024,five_prevalence_matched,population_weighted_mean,-3.3150628006353693,0.593722854377264,999,431
2024,five_prevalence_matched,zero_access_population_share,-0.0172074427667439,0.0120738448920083,999,431
2024,five_prevalence_matched,weighted_gini,-0.0039325502625526,0.007245124506874,999,431
2024,five_prevalence_matched,concentration_index,0.0045226928643125,0.0239362127490429,999,431
