year,outcome,population_weighted_mean,zero_access_population_share,weighted_gini,concentration_index,lsbg_n,population_analyzed
2016,low_price,109.72741749040595,0.1440588647382318,0.6587678132877003,-0.0855128880557126,1621,7334238.0
2016,six_joint,22.46646086478241,0.3598425630583572,0.7630590116270984,0.1211550388673741,1621,7334238.0
2016,five_fixed_045,22.207062274226715,0.4387940505884865,0.7994072860686279,0.1224378669679078,1621,7334238.0
2016,five_prevalence_matched,24.59804849529017,0.4224821992414208,0.8004262190366757,0.103716203201017,1621,7334238.0
2021,low_price,206.21705183880388,0.1001283307125392,0.6101749435710575,-0.077386229583176,1743,7407424.0
2021,six_joint,94.3476265163166,0.2249891460243129,0.6801612196524243,0.0163219868066557,1743,7407424.0
2021,five_fixed_045,94.20028501136156,0.2637296042456865,0.7079925868600279,0.0001295987510427,1743,7407424.0
2021,five_prevalence_matched,101.8054000959038,0.2508433431109114,0.6999124588207735,-0.0001650964386206,1743,7407424.0
2024,low_price,186.8890005779877,0.1003290561522756,0.583244037269856,-0.0713477087842908,1744,7408462.0
2024,six_joint,106.81177321284768,0.1963533051799415,0.6623619459114011,-0.018235829075244,1744,7408462.0
2024,five_fixed_045,101.73658297768146,0.2089399932131662,0.6664334327817598,-0.0050934161946264,1744,7408462.0
2024,five_prevalence_matched,105.56244292000147,0.1934964369122768,0.6640643169712858,-0.0044195313310224,1744,7408462.0
