year,domain,reference_group,comparison_group,difference_percentage_points,lower_95_percentage_points,upper_95_percentage_points,p_two_sided,paired_replicates,q_bh_within_domain_year
2016,Ethnicity,Chinese,Filipino,1.1774236312672937,-4.15266283079161,6.253358348016587,0.6246246246246246,999,0.8328328328328328
2016,Ethnicity,Chinese,Indonesian,-0.1236723367678382,-3.2444976897140765,2.8499628433543056,0.950950950950951,999,0.950950950950951
2016,Ethnicity,Chinese,White,6.573734908673362,-7.933235715498149,18.92354888199053,0.3683683683683684,999,0.7367367367367368
2016,Ethnicity,Chinese,Other,-7.43891191198407,-11.741841001150718,-2.813929726409331,0.002,999,0.008
2021,Ethnicity,Chinese,Filipino,2.42302998269712,-1.6024684933603146,6.47347903129281,0.2642642642642642,999,0.3523523523523523
2021,Ethnicity,Chinese,Indonesian,1.0932907475903977,-1.3128253573415034,3.3002302543032296,0.3523523523523523,999,0.3523523523523523
2021,Ethnicity,Chinese,White,8.161081865320941,-0.4294857173688454,16.926037491940534,0.07007007007007,999,0.1401401401401401
2021,Ethnicity,Chinese,Other,-4.499804142762512,-7.638069209391785,-1.0533234044034887,0.008008008008008,999,0.032032032032032
2024,Ethnicity,Chinese,Filipino,4.784193713635402,0.9178131467102716,8.68573358938459,0.018018018018018,999,0.024024024024024
2024,Ethnicity,Chinese,Indonesian,2.692517387603932,0.5835427002149913,4.864410964058226,0.016016016016016,999,0.024024024024024
2024,Ethnicity,Chinese,White,13.537508541625048,3.511770201590083,22.850552055817158,0.004004004004004,999,0.016016016016016
2024,Ethnicity,Chinese,Other,-1.2244391225462197,-4.447835891544878,2.092787840099651,0.4064064064064064,999,0.4064064064064064
2016,Occupation,Managers,Professionals,-2.4041769001962807,-3.799364616127964,-1.0488746161783171,0.002,999,0.008
2016,Occupation,Managers,Clerical,1.583910582216791,-2.080371152563228,5.475558311943932,0.4444444444444444,999,0.4444444444444444
2016,Occupation,Managers,Service/sales,1.890607020884172,-2.8455428912155334,6.353563065085513,0.4364364364364364,999,0.4444444444444444
2016,Occupation,Managers,Elementary,3.466700711983922,-0.007094391836897,6.623483498259715,0.052052052052052,999,0.1041041041041041
2021,Occupation,Managers,Professionals,-1.7070485709142518,-2.730539383147641,-0.7364876931464437,0.002002002002002,999,0.008008008008008
2021,Occupation,Managers,Clerical,0.1358489707952603,-3.2170499105919945,3.237020445209224,0.8868868868868869,999,0.978978978978979
2021,Occupation,Managers,Service/sales,-0.0920020684562317,-4.288675105202127,4.020394654510171,0.978978978978979,999,0.978978978978979
2021,Occupation,Managers,Elementary,0.96237831802595,-1.5541262160907097,3.604647954484312,0.4324324324324324,999,0.8648648648648649
2024,Occupation,Managers,Professionals,-1.6733390263994812,-2.817436790085564,-0.4686787902157333,0.006006006006006,999,0.024024024024024
2024,Occupation,Managers,Clerical,-0.7933181021511415,-3.223291678435162,1.925031344629207,0.5525525525525525,999,0.6226226226226226
2024,Occupation,Managers,Service/sales,-0.8816905631222005,-4.160974064258771,2.673391683633092,0.6226226226226226,999,0.6226226226226226
2024,Occupation,Managers,Elementary,1.296991860872421,-0.6804357255163288,3.4724597482649666,0.2202202202202202,999,0.4404404404404404
2016,Education,Post-secondary,Primary or below,5.161911633902793,1.6459714975510444,8.784581737914229,0.012012012012012,999,0.012012012012012
2016,Education,Post-secondary,Secondary,3.1552019690408715,0.8412716499887438,5.475347652336337,0.01001001001001,999,0.012012012012012
2021,Education,Post-secondary,Primary or below,1.2640296766493226,-2.1499098500337737,4.621485127921114,0.4044044044044044,999,0.4044044044044044
2021,Education,Post-secondary,Secondary,1.4657472196551915,-0.7205561153886161,3.668755745415609,0.1701701701701701,999,0.3403403403403403
2024,Education,Post-secondary,Primary or below,0.7081148823470801,-1.8274256115795855,3.3417502650368096,0.5965965965965966,999,0.5965965965965966
2024,Education,Post-secondary,Secondary,1.102888441290839,-0.5607127089519379,2.8755840871602656,0.2142142142142142,999,0.4284284284284284
2016,Household income,≥HK$40k,<HK$10k,2.506261641014551,-2.00475561600172,6.606047926157968,0.2502502502502503,999,0.3753753753753754
2016,Household income,≥HK$40k,HK$10–20k,1.4432646814276529,-3.15687837450564,5.889935800090098,0.5285285285285285,999,0.5285285285285285
2016,Household income,≥HK$40k,HK$20–40k,2.3733335988466218,-0.9729355604017964,5.49120883435956,0.1701701701701701,999,0.3753753753753754
2021,Household income,≥HK$40k,<HK$10k,-0.6692161024423909,-3.83104112762422,2.481266950354798,0.7267267267267268,999,0.8148148148148148
2021,Household income,≥HK$40k,HK$10–20k,-0.660868140329271,-4.2738494033989,2.796560081463145,0.7507507507507507,999,0.8148148148148148
2021,Household income,≥HK$40k,HK$20–40k,0.2728600092380184,-2.527604701969424,3.104833001828942,0.8148148148148148,999,0.8148148148148148
2024,Household income,≥HK$40k,<HK$10k,-0.6688710417305704,-3.0654418316975285,1.817095251902948,0.6186186186186187,999,0.978978978978979
2024,Household income,≥HK$40k,HK$10–20k,-0.0922239433690186,-2.770679339378701,2.666427609792705,0.9209209209209208,999,0.978978978978979
2024,Household income,≥HK$40k,HK$20–40k,-0.0539456268704496,-2.184944608056994,2.026484505700828,0.978978978978979,999,0.978978978978979
2016,Age,25–44,15–24,1.4457804804280772,-0.2225825531169881,3.1717419391161794,0.0920920920920921,999,0.1381381381381381
2016,Age,25–44,45–64,1.0941120830926576,0.2350277824631839,1.953822697962477,0.014014014014014,999,0.042042042042042
2016,Age,25–44,65+,1.2084261536897123,-0.4469307116976786,2.874436095415881,0.1581581581581581,999,0.1581581581581581
2021,Age,25–44,15–24,0.7911598383173096,-0.6316582519031672,2.246681407445207,0.3043043043043043,999,0.4564564564564565
2021,Age,25–44,45–64,0.7019435506108201,-0.2178075765432353,1.5490694553297877,0.1001001001001001,999,0.3003003003003003
2021,Age,25–44,65+,-0.3058158265336896,-2.008126305757868,1.4125221000811443,0.7847847847847848,999,0.7847847847847848
2024,Age,25–44,15–24,0.6379813057004691,-0.6673099422270541,2.0507404186719014,0.3663663663663664,999,0.3663663663663664
2024,Age,25–44,45–64,0.3449565086134892,-0.3514214292611893,1.025656228400814,0.3203203203203203,999,0.3663663663663664
2024,Age,25–44,65+,-0.75128733523952,-2.082840089085852,0.651418430117083,0.3203203203203203,999,0.3663663663663664
2016,Sex,Female,Male,0.2519176759670061,-0.1132316797738466,0.6232057813777769,0.1661661661661661,999,0.1661661661661661
2021,Sex,Female,Male,0.2379683921821002,-0.0675490951616633,0.5350217735197736,0.1521521521521521,999,0.1521521521521521
2024,Sex,Female,Male,0.1337829555874914,-0.1489495568965887,0.4227514405539957,0.3563563563563564,999,0.3563563563563564
