site_id,longitude,latitude
plot_001,114.1512400039945,22.244699998520325
plot_002,113.9627200044211,22.375079998314195
plot_003,114.24273000387204,22.26458999859
plot_004,114.164580004072,22.340279998495888
plot_005,114.10841000416728,22.347869998445944
plot_006,114.10288000419138,22.36293999843572
plot_007,114.09849000419092,22.35584999843467
plot_008,114.10359000417724,22.350249998441026
plot_009,114.02498000415837,22.21301999842599
plot_010,114.1237300042945,22.494769998404525
plot_011,114.10307000418882,22.36073999843668
plot_012,114.15655000407844,22.33438999849132
plot_013,114.13009000416535,22.37879999845264
plot_014,114.14137000426447,22.49224999842018
plot_015,114.0959400041951,22.35607999843245
plot_016,114.12633000428929,22.49361999840712
plot_017,113.97151000444464,22.41126999830828
plot_018,114.21831000398292,22.335209998542968
plot_019,114.21712000397758,22.32822999854457
plot_020,114.217430003975,22.32620999854557
plot_021,114.20598000400268,22.33567999853241
plot_022,114.25329000389912,22.30695999858302
plot_023,114.2142000039842,22.33019999854137
plot_024,114.21378000398892,22.334149998539534
plot_025,114.21683000398392,22.3339399985422
plot_026,114.21583000397938,22.32801999854356
plot_027,114.1257800042975,22.500749998404043
plot_028,114.19346000403333,22.346469998517847
plot_029,114.19268000403258,22.344579998517897
plot_030,114.18607000407232,22.37316999850169
plot_031,114.18903000409468,22.39937999849444
plot_032,114.22740000405965,22.42348999851769
plot_033,114.10377000418735,22.36035999843742
plot_034,114.13616000426111,22.48110999841994
plot_035,114.15376000408368,22.33520999848868
plot_036,114.15407000407616,22.328379998491474
plot_037,114.1711200041842,22.459209998457247
plot_038,114.209120004005,22.34268999853243
plot_039,114.17566000417165,22.453899998463022
plot_040,113.98429000442678,22.41310999831823
plot_041,114.17610000418112,22.46375999845975
plot_042,113.94186000436328,22.28727999832902
plot_043,114.11386000418528,22.373609998440976
plot_044,114.20062000401916,22.343559998524952
plot_045,114.23100000388634,22.26068999858156
plot_046,114.1930300040766,22.38786999850207
plot_047,114.00162000445724,22.468889998312253
plot_048,114.26494000389272,22.318459998588548
plot_049,114.22886000405128,22.417619998521108
plot_050,114.12255000416248,22.3645699984516
plot_051,114.1730900040831,22.36394999849423
plot_052,114.17455000408388,22.36692999849435
plot_053,114.23257000388983,22.26645999858072
plot_054,114.2387800039279,22.312839998568588
plot_055,114.21931000392613,22.28153999856388
plot_056,114.23509000388154,22.26221999858444
plot_057,114.23384000388435,22.263039998583075
plot_058,114.18271000401845,22.31571999852028
plot_059,114.16491000404656,22.31601999850519
plot_060,114.14629000409248,22.332479998483425
plot_061,114.15066000408244,22.32931999848828
plot_062,114.14795000408562,22.328309998486368
plot_063,114.22260000392411,22.2845999985655
plot_064,113.99805000443097,22.437899998320617
plot_065,114.18909000400056,22.30800999852852
plot_066,114.18909000400056,22.30800999852852
plot_067,114.13447000427522,22.49225999841442
plot_068,114.20336000400393,22.33290999853124
plot_069,114.19986000401602,22.339349998525893
plot_070,114.2348800039306,22.309539998566503
plot_071,114.2091400039912,22.32931999853744
plot_072,114.03715000421548,22.28704999840875
plot_073,114.25020000390369,22.30667999858051
plot_074,113.96991000444184,22.40613999830882
plot_075,114.26092000390108,22.320469998584382
plot_076,114.24011000390884,22.296379998575865
plot_077,114.24114000390776,22.296879998576543
plot_078,114.12833000415678,22.367789998455248
plot_079,114.12942000414624,22.359199998459367
plot_080,114.13206000414952,22.366359998458908
plot_081,114.125300004156,22.362439998454697
plot_082,114.1270900041552,22.36437999845547
plot_083,114.12296000415913,22.361939998452915
plot_084,114.12924000414353,22.35629999846028
plot_085,114.175130004167,22.44857999846455
plot_086,114.2397100039166,22.30330999857292
plot_087,114.2142200040367,22.381249998522343
plot_088,114.1263300041416,22.35000999846017
plot_089,114.15684000407578,22.33219999849241
plot_090,114.15875000407166,22.33109999849441
plot_091,114.15548000407884,22.333119998490904
plot_092,114.13181000413664,22.35346999846348
plot_093,114.23648000392986,22.311269998567223
plot_094,114.24187000403948,22.425899998528948
plot_095,114.15962000407816,22.33871999849229
plot_096,114.13587000415636,22.378819998457484
plot_097,114.1558100039842,22.24161999852531
plot_098,114.23991000390694,22.294219998576505
plot_099,114.19167000407607,22.385269998501897
plot_100,113.96171000445518,22.406779998301747
plot_101,114.23626000387829,22.260849998585947
plot_102,114.18725000403454,22.338219998515708
plot_103,114.22040000396578,22.321719998549764
plot_104,114.2211100039632,22.32031999855088
plot_105,114.02856000439311,22.447049998342685
plot_106,114.023830004404,22.45050999833747
plot_107,114.04517000436196,22.441749998358468
plot_108,114.2152300039742,22.32204999854529
plot_109,114.194450004024,22.3388999985215
plot_110,114.1925000040285,22.340329998519323
plot_111,114.17703000407968,22.36657999849655
plot_112,113.86578000444533,22.25281999827822
plot_113,114.20685000388376,22.22143999857592
plot_114,114.18703000401948,22.32328999852108
plot_115,114.17731000409152,22.378519998492344
plot_116,114.17191000409676,22.375449998488964
plot_117,114.1878100040284,22.333109998518086
plot_118,114.26937000388374,22.31645999859301
plot_119,114.20880000395204,22.290779998551564
plot_120,113.93295000436632,22.27682999832542
plot_121,114.1578100040678,22.325949998495524
plot_122,114.1713000040547,22.333629998504
plot_123,114.02722000414424,22.20264999843172
plot_124,113.99698000425497,22.264849998383347
plot_125,114.17834000402236,22.31286999851768
plot_126,114.22711000391382,22.281449998570498
plot_127,114.2290500039575,22.32680999855513
plot_128,114.23495000394162,22.320369998562523
plot_129,114.2354900039274,22.30738999856784
plot_130,113.97672000441167,22.38699999832149
plot_131,114.1423000041382,22.37086999846582
plot_132,114.16773000406276,22.3360699985001
plot_133,114.20959000399486,22.33356999853623
plot_134,114.2362200039262,22.30728999856848
plot_135,114.16538000418096,22.447389998456817
plot_136,114.25428000391672,22.32557999857688
plot_137,114.12472000430186,22.50340999840217
plot_138,114.23809000393352,22.31724999856633
plot_139,113.96636000445126,22.409959998304466
plot_140,114.19386000406246,22.375389998507416
plot_141,114.156770004253,22.50437999842858
plot_142,114.12589000407166,22.28131999848533
plot_143,113.97790000440402,22.38130999832456
plot_144,114.23532000393595,22.3154299985647
plot_145,114.2333300039424,22.318689998561783
plot_146,114.19507000406348,22.37819999850739
plot_147,113.96583000443934,22.39753999830856
plot_148,114.195020004034,22.34947999851804
plot_149,114.16602000406232,22.3330299984998
plot_150,114.16741000405892,22.331849998501404
plot_151,114.1382400041376,22.364129998464904
plot_152,114.14036000413664,22.36641999846585
plot_153,114.13990000413372,22.362909998466765
plot_154,114.2090500040497,22.38602999851621
plot_155,114.15800000398876,22.249359998524262
plot_156,114.12392000417188,22.37579999844859
plot_157,114.13970000414425,22.37281999846292
plot_158,114.13921000414317,22.370999998463176
plot_159,114.18135000402496,22.31998999851753
plot_160,114.2579200038964,22.31133999858528
plot_161,114.249750003901,22.30341999858136
plot_162,114.19822000405304,22.37282999851202
plot_163,114.019960004405,22.445659998336023
plot_164,114.22560000396804,22.331819998550376
plot_165,114.22566000396412,22.328099998551806
plot_166,114.22665000395996,22.3255599985536
plot_167,114.2491400038596,22.262269998596288
plot_168,114.15661000408556,22.341359998488787
plot_169,114.18144000407588,22.369609998499136
plot_170,114.18662000406871,22.37048999850317
plot_171,114.17123000405272,22.33160999850471
plot_172,113.9701300044388,22.403479998309965
plot_173,114.1266800042932,22.497959998405808
plot_174,114.16211000418986,22.451079998452723
plot_175,114.1244000041632,22.36806999845185
plot_176,114.16933000418236,22.454729998457417
plot_177,114.20297000400124,22.3297299985321
plot_178,114.23879000392373,22.308809998570087
plot_179,113.9975900044624,22.467829998309305
plot_180,114.00331000444864,22.463049998315803
plot_181,114.00043000446072,22.47049999831069
plot_182,113.96470000444955,22.405799998304605
plot_183,114.13339000428788,22.50288999840961
plot_184,113.99666000445268,22.45696999831249
plot_185,113.99882000444704,22.45470999831512
plot_186,114.00726000443146,22.45227999832303
plot_187,113.9957000044588,22.461489998310046
plot_188,114.15046000400322,22.25198999851693
plot_189,113.99578000446154,22.4642499983091
plot_190,113.99999000445784,22.4670199983116
plot_191,114.00353000443488,22.449989998320763
plot_192,114.00421000443676,22.45283999832028
plot_193,114.00036000445296,22.46282999831342
plot_194,114.1029200041828,22.35465999843883
plot_195,114.2483800039236,22.323299998572736
plot_196,114.2403700038786,22.26739999858695
plot_197,114.2291000039458,22.315539998559405
plot_198,114.23236000393722,22.312149998563417
plot_199,114.2404900038793,22.26825999858674
plot_200,114.20261000402252,22.34985999852428
plot_201,114.20281000401988,22.347579998525298
plot_202,114.19904000402532,22.347169998522283
plot_203,114.20331000401973,22.34818999852549
plot_204,114.19267000402176,22.33400999852183
plot_205,114.1938800040178,22.33201999852359
plot_206,114.15624000408116,22.33654999849026
plot_207,114.21698000396856,22.31923999854781
plot_208,114.19200000403204,22.34301999851792
plot_209,114.13618000402464,22.25117999850521
plot_210,114.13639000402569,22.252489998504903
plot_211,114.2364500038818,22.26452999858472
plot_212,114.13975000401852,22.250629998508423
plot_213,114.13757000411611,22.34225999847247
plot_214,114.14063000425604,22.482919998423004
plot_215,114.14276000425578,22.485889998423687
plot_216,114.2242100039556,22.317639998554498
plot_217,114.1682000041714,22.442359998461047
plot_218,114.23810000387616,22.261589998587223
plot_219,114.18725000403674,22.34035999851491
plot_220,114.15516000407564,22.329529998491964
plot_221,114.1954900040731,22.38816999850404
plot_222,114.22778000394815,22.315839998558182
plot_223,113.96854000445371,22.4156399983042
plot_224,113.96485000441764,22.37490999831603
plot_225,114.22551000405282,22.41403999851962
plot_226,113.97670000444042,22.414959998311243
plot_227,113.93633000436706,22.282639998326104
plot_228,113.93564000436592,22.28046999832634
plot_229,114.23591000392013,22.30094999857061
plot_230,113.9734600044174,22.38765999831852
plot_231,114.23801000391482,22.29898999857309
plot_232,114.26323000388318,22.30660999859153
plot_233,113.95332000435478,22.296249998335284
plot_234,114.23073000405064,22.419839998521866
plot_235,114.22325000391687,22.278559998568333
plot_236,114.24190000387485,22.266069998588744
plot_237,114.13740000426068,22.48254999842045
