lsbg_id,t_pop,zero_affordability_priority_population
11101L,1555.0,0.0
11103,1531.0,0.0
11104,2009.0,0.0
11105L,2215.0,0.0
11107L,2541.0,0.0
11109L,2058.0,0.0
11111,2063.0,0.0
11112L,3621.0,0.0
11114L,1680.0,0.0
11116L,8820.0,0.0
11118L,2737.0,0.0
11121,1575.0,0.0
11122,5404.0,0.0
11123,1063.0,0.0
11124,1067.0,0.0
11125,1555.0,0.0
11126,8700.0,0.0
11127L,1803.0,0.0
11129L,1598.0,0.0
11135L,1466.0,0.0
11139,2063.0,0.0
11144L,1232.0,0.0
11150,2010.0,0.0
11201L,1266.0,0.0
11202,1317.0,0.0
11203,2650.0,0.0
11204L,1817.0,0.0
11205,2415.0,0.0
11206,2335.0,0.0
11208,3133.0,0.0
11209,5635.0,0.0
11213L,2090.0,0.0
11217L,1343.0,0.0
11220L,1060.0,0.0
11221L,2403.0,0.0
11223,1753.0,0.0
11224,1633.0,0.0
11225L,2413.0,0.0
11226L,1292.0,0.0
11228,1071.0,0.0
11231,1229.0,0.0
11232,1659.0,0.0
11233L,1361.0,0.0
11235L,2116.0,0.0
11237,1325.0,0.0
11238,1070.0,0.0
11239,1033.0,0.0
11241L,1395.0,0.0
11244,1839.0,0.0
11245,1625.0,0.0
11302,1173.0,0.0
11303L,2316.0,0.0
11305,4292.0,0.0
11306L,2034.0,0.0
11309L,1790.0,0.0
11310L,2046.0,0.0
11315L,1628.0,0.0
11318L,2643.0,0.0
11320L,2215.0,0.0
11321,1281.0,0.0
11323,1527.0,0.0
11403L,2404.0,0.0
11419L,2878.0,0.0
11427,1506.0,0.0
11428,1083.0,0.0
11501L,1908.0,0.0
11601L,2139.0,0.0
11602,1249.0,0.0
11603,5771.0,0.0
11604L,2683.0,0.0
11606,1082.0,0.0
12102L,2393.0,0.0
12201L,1925.0,0.0
12222L,1996.0,0.0
13101L,1324.0,0.0
13108,1056.0,0.0
13109L,1480.0,0.0
13110L,1153.0,0.0
13112L,1327.0,0.0
13115L,1320.0,0.0
13117L,1813.0,0.0
13121,1440.0,0.0
13123L,1532.0,0.0
13125L,2145.0,0.0
13128L,1974.0,0.0
13131L,1491.0,0.0
13134L,2135.0,0.0
13144L,1348.0,0.0
13151L,2007.0,0.0
13159L,1939.0,0.0
13163L,1411.0,0.0
13201L,1805.0,0.0
13207,1071.0,0.0
13208L,1385.0,0.0
13210L,1914.0,0.0
13212L,1562.0,0.0
13217L,2263.0,0.0
13223L,2417.0,0.0
13233,1955.0,0.0
13236,1556.0,0.0
13304L,1973.0,0.0
13306L,1222.0,0.0
13308L,2067.0,0.0
13310L,2008.0,0.0
13312,1234.0,0.0
13314,1176.0,0.0
13402L,1518.0,0.0
14001L,3121.0,0.0
14002,4560.0,0.0
14101L,1227.0,0.0
14104L,1038.0,0.0
14106L,2947.0,0.0
14109,2260.0,0.0
14110L,1126.0,0.0
14111,4412.0,0.0
14112,1939.0,0.0
14114,1091.0,0.0
14115,1736.0,0.0
14117L,2555.0,0.0
14201,1242.0,0.0
14202,1689.0,0.0
14203,1807.0,0.0
14204L,3528.0,0.0
14205,5176.0,0.0
14206,4303.0,0.0
14207,3120.0,0.0
14208,1163.0,0.0
14209,1381.0,0.0
14210,3786.0,0.0
14212,2279.0,0.0
14213L,2341.0,0.0
14214L,1727.0,0.0
14219L,2166.0,0.0
14221,2579.0,0.0
14301L,1999.0,0.0
14303L,3360.0,0.0
14304,1634.0,0.0
14308L,1740.0,0.0
14311L,1227.0,0.0
14313,1143.0,0.0
14401L,3636.0,0.0
14402L,1798.0,0.0
14406L,3144.0,0.0
14413L,2844.0,0.0
14415L,2852.0,0.0
14418,1655.0,0.0
14424L,1886.0,0.0
14430L,1242.0,0.0
14432L,1069.0,0.0
14434L,1685.0,0.0
14435L,1847.0,0.0
14437L,1482.0,0.0
14444,1021.0,0.0
14445,1353.0,0.0
14446L,1460.0,0.0
14451L,1140.0,0.0
14456L,2088.0,0.0
14501L,2450.0,0.0
14521L,1224.0,0.0
14530,1757.0,0.0
14531L,2975.0,0.0
14538,3426.0,0.0
14601,1417.0,0.0
14602L,1062.0,0.0
14604L,1988.0,0.0
14607L,1125.0,0.0
14609,1758.0,0.0
14610L,2137.0,0.0
14615L,1362.0,0.0
14622L,1810.0,0.0
14631,1422.0,0.0
14632L,1687.0,0.0
14635,1132.0,0.0
14801L,7130.0,0.0
14803L,2127.0,0.0
14902L,1452.0,0.0
14919,2143.0,0.0
14920,4354.0,0.0
15102L,1127.0,0.0
15103,2013.0,0.0
15104L,1754.0,0.0
15107,1432.0,0.0
15108L,1502.0,0.0
15111,2057.0,0.0
15112L,2482.0,0.0
15115,1646.0,0.0
15117L,1303.0,0.0
15119,7501.0,0.0
15121,3596.0,0.0
15122L,1604.0,0.0
15125L,1470.0,0.0
15127L,1175.0,0.0
15129L,1989.0,0.0
15135,1427.0,0.0
15136L,2275.0,0.0
15141,7317.0,0.0
15142,1892.0,0.0
15201,3484.0,0.0
15202L,3467.0,0.0
15204,4060.0,0.0
15205L,5237.0,0.0
15208,3108.0,0.0
15303L,2056.0,0.0
15307L,2801.0,0.0
15309,3527.0,0.0
15310,1283.0,0.0
15312,1236.0,0.0
15315,2565.0,0.0
15316,1837.0,0.0
15317,2968.0,0.0
15318,1275.0,0.0
15321,1681.0,0.0
15322,2827.0,0.0
15327,2039.0,0.0
15328L,1906.0,0.0
15329,1999.0,0.0
15331,2532.0,0.0
15332,1069.0,0.0
15333,1228.0,0.0
15334,2283.0,0.0
15337,2191.0,0.0
15338,2020.0,0.0
15339,1120.0,0.0
15341L,3919.0,0.0
15342,8084.0,0.0
15343L,1915.0,0.0
15349,1882.0,0.0
15351L,2310.0,0.0
15353L,1608.0,0.0
15355,2984.0,0.0
15356,4882.0,0.0
15401L,1244.0,0.0
15409,2406.0,0.0
15411,2270.0,0.0
15413L,1902.0,0.0
15418L,3309.0,0.0
15501L,2817.0,0.0
15502L,2162.0,0.0
15503L,2689.0,0.0
15507,5425.0,0.0
15508L,2372.0,0.0
15514,1084.0,0.0
15515L,2206.0,0.0
15602,7206.0,0.0
15603,2184.0,0.0
15604,1680.0,0.0
15605L,6621.0,0.0
15606,1294.0,0.0
15607,6882.0,0.0
15608,1524.0,0.0
15609L,2753.0,0.0
15613,9366.0,0.0
15614,8337.0,0.0
15702,1873.0,0.0
15703,1656.0,0.0
15704,1882.0,0.0
15705L,4107.0,0.0
15708,1406.0,0.0
15709,1420.0,0.0
15710L,2406.0,0.0
15712L,4862.0,0.0
15715,1894.0,0.0
15716,7032.0,0.0
15717L,4308.0,0.0
15719,3992.0,0.0
15720,4748.0,0.0
15721,4497.0,0.0
15722,1426.0,0.0
15723,3180.0,0.0
16101,4663.0,0.0
16102,2594.0,0.0
16103L,2185.0,0.0
16107L,1035.0,0.0
16109L,1523.0,0.0
16111,1108.0,0.0
16113,2072.0,0.0
16114L,1873.0,0.0
16117,1166.0,0.0
16118,3883.0,0.0
16120L,2951.0,0.0
16126L,1370.0,0.0
16128L,1148.0,0.0
16129L,1752.0,0.0
16130,1315.0,0.0
16131L,1808.0,0.0
16143L,1750.0,0.0
16145,2003.0,0.0
16146,2209.0,0.0
16148L,3538.0,0.0
16151,5299.0,0.0
16152L,5922.0,0.0
16155L,1654.0,0.0
16159L,2234.0,0.0
16163,2213.0,0.0
16164L,17073.0,0.0
16181L,1418.0,0.0
16191,4424.0,0.0
16202L,18774.0,0.0
16305L,3489.0,0.0
16313L,8747.0,0.0
16315,2911.0,0.0
16316L,6061.0,0.0
16319,4454.0,0.0
16321L,1769.0,0.0
16332,8069.0,0.0
16333,3821.0,0.0
16336,1573.0,0.0
16402L,6129.0,6129.0
16502,7577.0,0.0
16503L,2889.0,0.0
16504,11585.0,0.0
16508L,2036.0,0.0
16523,1001.0,0.0
16524,8286.0,0.0
16526,1941.0,0.0
16528,3624.0,0.0
16531,5040.0,0.0
16532,4464.0,0.0
16601L,16972.0,0.0
16603L,7522.0,0.0
16605L,12140.0,0.0
16701,9073.0,0.0
16702L,6728.0,0.0
16704,5413.0,0.0
16705,9195.0,0.0
16706,15135.0,0.0
16707,1675.0,0.0
16708L,7216.0,7216.0
17113L,1459.0,0.0
17128L,1204.0,0.0
17134L,2813.0,0.0
17143L,5875.0,0.0
17152,4059.0,0.0
17154,4807.0,0.0
17201L,1002.0,0.0
17204,12857.0,0.0
17205L,1051.0,0.0
17206,13309.0,0.0
17208,25224.0,0.0
17210,1298.0,0.0
17302L,11040.0,11040.0
17306L,1342.0,0.0
17312L,1178.0,0.0
17317,3025.0,0.0
17318L,3850.0,3850.0
17320,14942.0,0.0
17321L,1866.0,0.0
17322L,1414.0,0.0
17326L,2038.0,0.0
17330L,1555.0,0.0
17333L,1279.0,0.0
17336,8360.0,0.0
17338L,2067.0,0.0
17344,1771.0,0.0
17376,1712.0,0.0
17379,1162.0,0.0
17402L,1886.0,0.0
17411,5206.0,0.0
17412,19291.0,0.0
17414L,22461.0,0.0
17415,6897.0,0.0
17417L,12089.0,0.0
17421,2132.0,0.0
17422L,2375.0,0.0
17423,3287.0,0.0
17424L,1988.0,0.0
17439,2115.0,0.0
17501L,1117.0,0.0
17502L,7117.0,0.0
17518,3440.0,0.0
18101L,1503.0,0.0
18206L,2123.0,0.0
18301L,3501.0,0.0
18405L,1614.0,0.0
19002L,1492.0,0.0
19103L,2438.0,0.0
19106L,1724.0,0.0
19205,1208.0,0.0
19206,1869.0,0.0
19207L,2229.0,0.0
19215L,1328.0,0.0
19218L,1202.0,0.0
19219,3035.0,0.0
19301L,1592.0,0.0
19502L,1354.0,0.0
19505L,1557.0,0.0
19513L,4632.0,0.0
19519L,5777.0,0.0
19603L,1979.0,0.0
19606,1184.0,0.0
19607,1410.0,0.0
19702L,2790.0,0.0
21105L,1490.0,0.0
21107L,1716.0,0.0
21108L,1421.0,0.0
21110,1047.0,0.0
21111L,1223.0,0.0
21112L,1179.0,0.0
21117L,2575.0,0.0
21119L,1677.0,0.0
21123L,1336.0,0.0
21201L,1674.0,0.0
21202L,2152.0,0.0
21205L,2536.0,0.0
21207L,2012.0,0.0
21212L,1127.0,0.0
21216L,1126.0,0.0
21217L,1833.0,0.0
21221,2091.0,0.0
21303L,4475.0,0.0
21304L,7891.0,0.0
21401L,1354.0,0.0
21405L,1972.0,0.0
21406L,1544.0,0.0
21501L,2284.0,0.0
21702,1805.0,0.0
21703,1083.0,0.0
22025L,2157.0,0.0
22101,1502.0,0.0
22102L,1299.0,0.0
22104,1293.0,0.0
22105L,1584.0,0.0
22106L,1260.0,0.0
22108L,7921.0,0.0
22109,1061.0,0.0
22110L,1537.0,0.0
22111,1099.0,1099.0
22113L,1449.0,0.0
22114L,1687.0,0.0
22115L,1154.0,0.0
22117,1440.0,0.0
22119,1059.0,0.0
22121L,1101.0,0.0
22125,2149.0,0.0
22126,1541.0,0.0
22128L,1971.0,0.0
22129L,1617.0,0.0
22131,1434.0,1434.0
22132,1460.0,1460.0
22135L,1476.0,0.0
22137L,1393.0,0.0
22142,5717.0,0.0
22143L,1811.0,0.0
22146L,1931.0,0.0
22150,1388.0,1388.0
22152L,1696.0,0.0
22153L,2153.0,0.0
22160L,2059.0,0.0
22167L,1360.0,0.0
22170L,1588.0,0.0
22173L,2603.0,0.0
22177L,4391.0,0.0
22179L,1145.0,0.0
22181L,3044.0,0.0
22186L,2506.0,0.0
22190L,2358.0,0.0
22197,2174.0,2174.0
22198L,2487.0,0.0
22201L,1760.0,0.0
22203L,1579.0,0.0
22205L,2099.0,0.0
22206L,1452.0,0.0
22212L,1142.0,0.0
22215,1977.0,0.0
22216L,1585.0,0.0
22219L,3266.0,0.0
22221,1284.0,0.0
22222,1357.0,0.0
22226L,1722.0,0.0
22506L,2768.0,0.0
22507L,2215.0,0.0
22522L,1301.0,0.0
22534L,1483.0,0.0
22539L,1439.0,0.0
22541L,1108.0,0.0
22544L,1031.0,0.0
22548,1213.0,0.0
22549,1614.0,0.0
22550,1446.0,0.0
22551,1560.0,0.0
22552,1180.0,0.0
22553,1479.0,0.0
22554,1190.0,0.0
22555,1357.0,0.0
22556,1252.0,0.0
22557L,1399.0,0.0
22558L,1333.0,0.0
22562L,1310.0,1310.0
22566L,2377.0,0.0
22570L,1554.0,0.0
22573L,2389.0,0.0
22584,4170.0,0.0
22587,1686.0,0.0
22601L,1301.0,0.0
22604L,3048.0,0.0
22605L,3005.0,0.0
22610L,1021.0,0.0
22613L,2265.0,0.0
22702L,1840.0,0.0
22704L,2883.0,0.0
22709L,1643.0,0.0
22711L,1901.0,0.0
22713L,1681.0,0.0
22721,1916.0,0.0
22722,1965.0,0.0
22723,2030.0,0.0
22724,1351.0,0.0
22825,4803.0,0.0
22826L,1201.0,0.0
22828L,1206.0,0.0
22830L,1258.0,0.0
22834,3516.0,0.0
22835L,1053.0,0.0
22837L,1453.0,0.0
22901L,1654.0,0.0
22904L,1840.0,0.0
22907L,1561.0,0.0
22908,2371.0,2371.0
22913,3281.0,0.0
22917L,1761.0,0.0
22918,2031.0,0.0
22919L,1343.0,0.0
23101L,2197.0,0.0
23102,1636.0,0.0
23103L,2708.0,0.0
23201L,1193.0,0.0
23207L,2837.0,0.0
23301L,2292.0,0.0
23303L,1175.0,0.0
23401L,2819.0,0.0
23412L,1879.0,0.0
23416,1217.0,0.0
23421,3534.0,0.0
23422,1877.0,0.0
23423L,1395.0,0.0
23425L,1338.0,0.0
23501,2229.0,0.0
23502L,1668.0,0.0
23504,3073.0,0.0
23505L,3529.0,0.0
23507,2926.0,0.0
23510L,2627.0,0.0
23608,9322.0,0.0
23609,8195.0,0.0
23610L,2159.0,0.0
23620L,1152.0,0.0
23623,4936.0,0.0
23624,3570.0,0.0
23701L,6664.0,0.0
23703L,14805.0,0.0
24101L,2019.0,0.0
24103L,1758.0,0.0
24104,1025.0,0.0
24106,1149.0,0.0
24107,1000.0,0.0
24108,2922.0,0.0
24109,1177.0,0.0
24110,1114.0,0.0
24111,3649.0,0.0
24112L,2135.0,0.0
24113,9548.0,0.0
24114L,2067.0,0.0
24115,3675.0,0.0
24117,2055.0,0.0
24119L,1287.0,0.0
24123,1199.0,0.0
24124L,1011.0,0.0
24126L,2470.0,0.0
24128L,2062.0,0.0
24201,5884.0,0.0
24202L,3498.0,0.0
24203,2574.0,0.0
24209L,1498.0,0.0
24211L,1117.0,0.0
24213L,2092.0,0.0
24228L,7274.0,0.0
24238,1293.0,0.0
24239,1864.0,0.0
24240,2309.0,0.0
24241L,8527.0,0.0
24243L,1233.0,0.0
24244L,1182.0,0.0
24246,6666.0,0.0
24250,1742.0,0.0
24301L,1430.0,0.0
24303L,1469.0,0.0
24304L,1848.0,0.0
24305L,2442.0,0.0
24310L,2088.0,0.0
24319L,6663.0,0.0
24324,1330.0,0.0
24325L,1505.0,0.0
24327L,2383.0,0.0
24330,1941.0,0.0
24331L,1437.0,0.0
24341L,2126.0,0.0
24346L,7323.0,0.0
24401L,1130.0,0.0
24402L,1072.0,0.0
24409L,1917.0,0.0
24416L,1114.0,0.0
24418L,12758.0,0.0
24421L,1527.0,0.0
24428,2785.0,0.0
24429,1021.0,0.0
24501L,1147.0,0.0
24506L,3640.0,0.0
24508,2468.0,0.0
24509,4692.0,0.0
24510,4268.0,0.0
24511,3276.0,0.0
24512,4283.0,0.0
24513,4421.0,0.0
24514,2203.0,0.0
24515,4036.0,0.0
24516,3059.0,0.0
24517,1768.0,0.0
24518,5188.0,0.0
24519,1196.0,0.0
24601L,1586.0,0.0
24603L,1533.0,0.0
24604L,2774.0,0.0
24610,1871.0,0.0
24611,4942.0,0.0
24612,1168.0,0.0
24613,1668.0,0.0
24615,1243.0,0.0
24703L,4401.0,0.0
24711L,2004.0,0.0
25101L,15627.0,0.0
25103L,2716.0,0.0
25203L,1200.0,0.0
25301L,8566.0,0.0
25303L,2713.0,0.0
25305L,9694.0,0.0
25306L,3928.0,0.0
25314,7441.0,0.0
25401L,1770.0,0.0
25409L,7894.0,0.0
25411L,6332.0,0.0
25413L,1817.0,0.0
25415L,3378.0,0.0
25501L,19164.0,0.0
25503L,4569.0,0.0
25506L,19358.0,0.0
25510,1855.0,0.0
25514,16196.0,0.0
25515,3435.0,0.0
25516,5330.0,0.0
26003L,10547.0,0.0
26004L,1542.0,0.0
26005,1864.0,0.0
26007L,21794.0,0.0
26008L,6384.0,0.0
26011L,2070.0,0.0
26101L,1209.0,0.0
26106L,1440.0,0.0
26116,1031.0,0.0
26117L,1958.0,0.0
26123,3027.0,0.0
26124,1248.0,0.0
26125,1139.0,0.0
26202,18953.0,0.0
26203L,12521.0,0.0
26206L,3190.0,0.0
26302L,4719.0,0.0
26310,1463.0,0.0
26311,5659.0,0.0
26312,4540.0,0.0
26313,6021.0,0.0
26314,3844.0,0.0
26315,2567.0,0.0
26316,4349.0,0.0
26317,1107.0,0.0
26318,9143.0,0.0
26319,7809.0,0.0
26320,2155.0,0.0
26321,1515.0,0.0
26401L,1551.0,0.0
26406,1427.0,0.0
26407,1456.0,0.0
26408,1269.0,0.0
26417L,6692.0,0.0
26420L,15162.0,0.0
26421,1042.0,0.0
26422L,1801.0,0.0
26424,1369.0,0.0
26425,1537.0,0.0
26428,1291.0,0.0
26429,1200.0,0.0
26433L,1112.0,0.0
26434,10455.0,0.0
26435L,3429.0,0.0
26437L,4281.0,0.0
26440,1306.0,0.0
26441L,1956.0,0.0
26443L,1981.0,0.0
26445,1316.0,0.0
26446,1334.0,0.0
26447L,1773.0,0.0
26449,1402.0,0.0
26450,1247.0,0.0
26451,1073.0,0.0
26452L,1523.0,0.0
26466,1246.0,0.0
26503L,1665.0,0.0
26508,1436.0,0.0
26509L,2118.0,0.0
26511,1223.0,0.0
26518L,1887.0,0.0
26520,6283.0,6283.0
26521,5625.0,0.0
26601L,1974.0,0.0
26602,1270.0,0.0
26603,1628.0,0.0
26604L,2049.0,0.0
26606,1053.0,0.0
26607,1315.0,0.0
26608,1385.0,0.0
26609,1045.0,0.0
26610,1282.0,0.0
26611,1257.0,0.0
26612,1509.0,0.0
26615L,2373.0,0.0
26617L,1496.0,0.0
26619,1404.0,0.0
26620,1100.0,0.0
26621,1147.0,0.0
26622,1201.0,0.0
26623,1039.0,1039.0
26624,1058.0,1058.0
26625,1161.0,0.0
26626,1091.0,0.0
26628,1040.0,0.0
26629,1248.0,0.0
26630,1706.0,0.0
26631,1497.0,0.0
26632L,1988.0,0.0
26634,1541.0,0.0
26635,1776.0,0.0
26636,1668.0,0.0
26637,1433.0,0.0
26638,1014.0,0.0
26639,1445.0,0.0
26640L,4743.0,0.0
26703,1596.0,0.0
26704L,2148.0,0.0
26706L,2659.0,0.0
26709,1829.0,0.0
26710,1126.0,0.0
26711,1397.0,0.0
26712L,1322.0,0.0
26715L,2316.0,0.0
26717L,1871.0,0.0
26719L,1866.0,0.0
26721,1250.0,0.0
26722,1632.0,1632.0
26723L,1571.0,0.0
26724,2044.0,0.0
26725L,1553.0,0.0
26728L,1882.0,0.0
26729,1194.0,0.0
26730,1508.0,0.0
26734,1188.0,0.0
26735L,1727.0,0.0
26737,1680.0,0.0
26738L,1822.0,0.0
26802L,2096.0,0.0
26807,2668.0,0.0
26808L,1656.0,0.0
26812L,2419.0,0.0
26819L,2345.0,0.0
26832,4043.0,0.0
26833,6389.0,0.0
26834,1777.0,0.0
26835,1829.0,0.0
26901L,10779.0,0.0
27101L,1540.0,0.0
27102,1054.0,0.0
27104,2197.0,0.0
27105L,1752.0,0.0
27107L,2204.0,0.0
27132L,1820.0,0.0
27137L,1522.0,0.0
27140L,1099.0,0.0
27145,1707.0,0.0
27146L,2016.0,0.0
27201L,1654.0,0.0
27203,1558.0,0.0
27204,1534.0,0.0
27205L,1241.0,0.0
27207,2168.0,0.0
27208L,1860.0,0.0
28002L,8977.0,0.0
28009,1662.0,0.0
28010L,14847.0,0.0
28017L,13362.0,0.0
28102L,3183.0,0.0
28103L,27674.0,0.0
28105L,10048.0,0.0
28109,8800.0,0.0
28110,1442.0,0.0
28111,13034.0,0.0
28112L,1925.0,0.0
28113,7253.0,0.0
28116L,12224.0,0.0
28120,1007.0,0.0
28121,1046.0,0.0
28122,4190.0,0.0
28123L,4473.0,0.0
28128L,9020.0,0.0
28129L,7576.0,0.0
28130,16079.0,0.0
28131,8550.0,0.0
28132,7235.0,0.0
28135,14349.0,0.0
28136,2035.0,0.0
28137,18115.0,0.0
28139L,4394.0,0.0
28141,3933.0,0.0
28143,2744.0,0.0
28207,3161.0,0.0
28209,3164.0,0.0
28210,4519.0,0.0
28213L,10099.0,0.0
28215L,7910.0,0.0
28218L,9711.0,0.0
28220L,1776.0,0.0
28221,3572.0,0.0
28222,4064.0,0.0
28223L,5746.0,0.0
28302L,7461.0,0.0
28307L,4741.0,0.0
28317L,1413.0,0.0
28321,4692.0,0.0
28322,1308.0,0.0
28323,4986.0,0.0
28325,6625.0,0.0
28326,3940.0,0.0
28327,7908.0,0.0
28328L,10555.0,0.0
28329L,2463.0,2463.0
28332L,2441.0,0.0
28335,3113.0,0.0
28401L,1887.0,0.0
28403L,1952.0,0.0
28407L,2365.0,0.0
28418L,1574.0,0.0
28420,3139.0,0.0
28421L,1680.0,0.0
28423,1165.0,0.0
28425L,1763.0,0.0
28427,3264.0,0.0
28502L,1597.0,0.0
28505L,1724.0,0.0
28508,1021.0,0.0
28509L,1793.0,0.0
28511,1237.0,0.0
28512,1664.0,0.0
28513L,1137.0,0.0
28516L,2303.0,0.0
28519L,1474.0,0.0
28521L,1669.0,0.0
28607L,18864.0,18864.0
28613L,1310.0,0.0
28614L,11985.0,0.0
28627,1739.0,0.0
28628,1490.0,0.0
28629,2116.0,0.0
28630,1103.0,0.0
28631L,1510.0,0.0
28638,2458.0,0.0
28701,17972.0,0.0
28804L,7270.0,0.0
28806L,4050.0,0.0
28808,4237.0,0.0
28809,12309.0,0.0
28810,10539.0,0.0
28811L,4837.0,0.0
28813L,1538.0,0.0
28815,5735.0,0.0
28817,1933.0,0.0
28818,4947.0,0.0
28819,5630.0,5630.0
28821,1319.0,0.0
29001L,6341.0,0.0
29003L,4922.0,0.0
29006,13541.0,0.0
29007L,1757.0,1757.0
29009,4255.0,0.0
29014L,21886.0,0.0
29101,12009.0,0.0
29102L,4303.0,0.0
29105,11661.0,0.0
29106,20433.0,0.0
29107L,14370.0,14370.0
29115,11491.0,0.0
29117,13653.0,0.0
29201,24975.0,24975.0
29202L,18254.0,18254.0
29209,7195.0,7195.0
29210,11998.0,11998.0
29211L,3947.0,0.0
29212,7297.0,0.0
29301,19260.0,0.0
29302,8584.0,8584.0
29303,16402.0,16402.0
29306,22438.0,0.0
29307,14531.0,14531.0
29308L,23640.0,23640.0
29401,1238.0,0.0
29403L,2895.0,0.0
29405,4106.0,0.0
29406,1441.0,0.0
29407L,1101.0,0.0
29408,5912.0,0.0
29409,1353.0,0.0
29410,2464.0,0.0
29411,1114.0,0.0
29412,2493.0,0.0
29414,1183.0,0.0
29415,4318.0,0.0
29416,12249.0,0.0
29419L,20532.0,0.0
29420L,4656.0,0.0
29422,5915.0,0.0
29423,1038.0,0.0
29424L,2851.0,0.0
29427L,1852.0,0.0
29432,3197.0,0.0
29433,2175.0,0.0
29434L,2141.0,0.0
29436L,1403.0,0.0
29439,3845.0,0.0
29440,1005.0,0.0
29441L,4615.0,0.0
29445L,4936.0,0.0
29448,1378.0,0.0
29449L,16724.0,0.0
29452,3154.0,0.0
29453,22140.0,22140.0
29454L,3204.0,0.0
29455,4436.0,0.0
29456,1702.0,1702.0
29457,1812.0,0.0
29458,4143.0,0.0
29702,4867.0,0.0
29703,1490.0,0.0
29705,4928.0,0.0
29706,8613.0,0.0
29707L,7923.0,0.0
29711,6456.0,0.0
29712L,8476.0,0.0
29717,6063.0,0.0
29719L,7332.0,0.0
29721,10725.0,0.0
29722L,6488.0,6488.0
29723,3904.0,0.0
29725,2236.0,0.0
29726,1377.0,0.0
29727,5221.0,0.0
29728,5035.0,0.0
29729,7318.0,0.0
29802L,21517.0,0.0
29809,2765.0,0.0
29818L,13218.0,0.0
29822,9692.0,0.0
29823,4676.0,0.0
29824,1574.0,0.0
29825L,2537.0,0.0
31001L,1662.0,1662.0
32001L,7823.0,0.0
32105L,2474.0,0.0
32108L,2205.0,0.0
32112,1600.0,0.0
32113,1218.0,0.0
32202L,3399.0,0.0
32303L,8050.0,0.0
32307L,8989.0,0.0
32319L,19751.0,0.0
32325,2782.0,0.0
32327L,6826.0,0.0
32330L,12886.0,0.0
32332L,2139.0,0.0
32333,7631.0,0.0
32334,3982.0,0.0
32335L,2101.0,0.0
32337L,3197.0,0.0
32404L,1072.0,0.0
32405,7192.0,0.0
32406,4155.0,0.0
32407,1918.0,0.0
32408L,2147.0,0.0
32410,1864.0,0.0
32411,1206.0,0.0
32412,4869.0,4869.0
32415,3533.0,0.0
32417,5680.0,0.0
32418L,1344.0,0.0
32422,9540.0,0.0
32425L,2374.0,0.0
32433,1244.0,0.0
32434L,3615.0,0.0
32435,10466.0,0.0
32437,1496.0,0.0
32438L,1172.0,0.0
32440,2238.0,0.0
32441,2696.0,0.0
32443,16509.0,0.0
32444,2521.0,0.0
32445,2298.0,0.0
32446,3533.0,0.0
32447,6218.0,0.0
32451,1989.0,0.0
32452L,3598.0,0.0
32454,7337.0,0.0
32455,2664.0,0.0
32503L,5159.0,5159.0
32505,27893.0,27893.0
32508L,1804.0,0.0
32509L,2374.0,0.0
32511,2433.0,0.0
32516,15874.0,0.0
32601,2461.0,0.0
32602L,11626.0,0.0
32603,5734.0,0.0
32604,6223.0,0.0
32605,13164.0,0.0
32608,8651.0,0.0
32609,2104.0,0.0
32610,6613.0,0.0
32611,39767.0,0.0
32612L,3617.0,0.0
32613,5285.0,0.0
32615,17190.0,0.0
32617L,1607.0,0.0
32621,22846.0,0.0
32625,4432.0,0.0
32626,2377.0,0.0
32630,3145.0,0.0
32702L,17372.0,17372.0
32704,16322.0,0.0
32706,4415.0,0.0
32707L,6663.0,0.0
32708,17370.0,17370.0
32710,14535.0,14535.0
32714L,7006.0,0.0
32716,3709.0,0.0
32717,16160.0,16160.0
32718,1943.0,0.0
32722,1317.0,0.0
32802L,2030.0,0.0
32803,8198.0,0.0
32804L,6891.0,0.0
32805L,6817.0,6817.0
32806,11983.0,0.0
32816,1661.0,0.0
32817L,1890.0,0.0
32820,12019.0,0.0
32825,1789.0,0.0
33501L,1766.0,0.0
33503L,10639.0,0.0
33504,3946.0,0.0
33505,3937.0,0.0
33506L,4525.0,0.0
33601L,1335.0,0.0
33603L,8861.0,0.0
35001,15019.0,0.0
35002,6334.0,0.0
35003L,2674.0,0.0
35004L,11379.0,0.0
35007L,2464.0,0.0
35008L,4342.0,0.0
35009L,4497.0,0.0
35018L,4915.0,0.0
35038L,20645.0,0.0
35041,1762.0,0.0
35043L,4895.0,4895.0
35045,4309.0,0.0
35046,2747.0,0.0
35050,2362.0,0.0
35051L,3395.0,0.0
35053,9179.0,0.0
35055,5162.0,0.0
35101L,8299.0,0.0
35103,10094.0,10094.0
35104,12377.0,12377.0
35105,6010.0,0.0
35106,9498.0,9498.0
35107L,11614.0,11614.0
35118,12913.0,12913.0
35119L,2696.0,0.0
41101L,1385.0,0.0
42101L,6422.0,0.0
42203,23906.0,0.0
42204,1936.0,0.0
42205L,12513.0,0.0
42209,9169.0,0.0
42210L,9240.0,0.0
42224,4652.0,0.0
42225,10280.0,0.0
42226,6193.0,0.0
42303,10959.0,0.0
42304L,1846.0,1846.0
42309L,4418.0,0.0
42317L,9325.0,0.0
42328,4606.0,0.0
42334L,20846.0,0.0
42336L,19043.0,0.0
42338,10547.0,0.0
42340L,5894.0,0.0
42341L,1789.0,0.0
42344L,11311.0,0.0
42346L,24811.0,24811.0
42349L,1190.0,0.0
42354,3145.0,0.0
42358,14017.0,0.0
42360L,10896.0,0.0
42362,5588.0,0.0
42363L,2158.0,0.0
42365,13717.0,0.0
42367L,2297.0,0.0
42404L,2556.0,0.0
42405L,2805.0,0.0
42411,2202.0,0.0
42412,1919.0,0.0
42413,1880.0,0.0
42415L,5104.0,0.0
42418,3162.0,0.0
42419L,5939.0,0.0
42421,3320.0,0.0
42422,14818.0,0.0
42423,24464.0,0.0
42424L,8750.0,0.0
42426L,6258.0,0.0
42430L,11829.0,0.0
42431,8693.0,0.0
42502,1530.0,0.0
42504L,6007.0,0.0
42505L,1369.0,0.0
42506L,1805.0,0.0
42507L,1845.0,0.0
42510L,1860.0,0.0
42511,7501.0,0.0
42512L,1201.0,0.0
42513,4554.0,0.0
42514,4492.0,0.0
42516L,1004.0,0.0
42520L,2056.0,0.0
42523,1857.0,0.0
42527L,17042.0,0.0
42529L,4668.0,0.0
42539,4260.0,0.0
42540,7405.0,0.0
42547,2345.0,0.0
42601L,1831.0,0.0
42606,2342.0,0.0
42609,3228.0,0.0
42610L,1938.0,0.0
42612,1122.0,0.0
42614L,2266.0,0.0
42617,2048.0,0.0
42621,1688.0,0.0
42623,1688.0,0.0
42625L,1408.0,0.0
42631,4182.0,0.0
42708L,1000.0,0.0
42715,1835.0,0.0
42718,2238.0,0.0
43101L,2426.0,0.0
44101,4857.0,0.0
44102L,1269.0,0.0
44104L,5005.0,0.0
44114L,3848.0,0.0
44116L,1767.0,0.0
44119L,4510.0,0.0
44203L,5122.0,0.0
44204L,1387.0,0.0
44206L,1840.0,0.0
51002L,10815.0,0.0
51004,27148.0,0.0
51005,9041.0,0.0
51006L,18952.0,0.0
51008,29929.0,0.0
51009L,7416.0,0.0
51010L,4707.0,0.0
51013,3883.0,0.0
51014,17239.0,0.0
51017L,10368.0,0.0
51021,10309.0,0.0
51022,6295.0,0.0
51023L,6086.0,0.0
51025,10794.0,0.0
51026,26632.0,0.0
51027,9481.0,0.0
51028,6441.0,0.0
51029L,11405.0,0.0
51031L,11804.0,0.0
51033L,4030.0,0.0
51037,13831.0,0.0
51038L,21125.0,0.0
51101,1448.0,0.0
51102,1334.0,0.0
51103L,1304.0,0.0
51105L,1595.0,0.0
51108L,2140.0,0.0
51111L,1083.0,0.0
51201L,1964.0,0.0
51203L,2121.0,0.0
51205,1059.0,0.0
51207,1785.0,0.0
51212,2252.0,0.0
51213L,1216.0,0.0
51217L,2112.0,0.0
51301L,2281.0,2281.0
51402L,2094.0,2094.0
51403L,1687.0,0.0
51414,1274.0,1274.0
51501,11851.0,0.0
51502,1907.0,0.0
51503L,2738.0,2738.0
51519,6654.0,0.0
51601L,1857.0,0.0
51603,1747.0,1747.0
51701L,1394.0,0.0
51710L,2283.0,0.0
51711L,2952.0,0.0
51717,1990.0,0.0
51848L,3205.0,0.0
51901L,3726.0,0.0
51902L,1968.0,0.0
51904,3948.0,0.0
51905,1667.0,0.0
51910,2182.0,0.0
51911L,1929.0,0.0
52101L,3516.0,0.0
52106L,1395.0,0.0
52108,1027.0,0.0
52109,1828.0,0.0
52110L,2141.0,0.0
52113,1707.0,0.0
52201L,1610.0,0.0
52202,1046.0,0.0
52204L,1201.0,0.0
52205,2009.0,0.0
52206,4075.0,0.0
52207L,1511.0,0.0
52208,4229.0,0.0
52209,1174.0,0.0
52210L,1507.0,0.0
52211,2595.0,0.0
52212L,2142.0,2142.0
52215,1545.0,0.0
52302,1150.0,0.0
52303,1442.0,0.0
52309,2098.0,0.0
52310L,1642.0,0.0
52313,1424.0,1424.0
52314L,1671.0,0.0
52315,3171.0,3171.0
52322,1476.0,0.0
52401L,1662.0,0.0
52402,3789.0,0.0
52403L,1199.0,0.0
52404,3214.0,0.0
52405,3007.0,0.0
52406,1502.0,0.0
52408,1005.0,0.0
52409,1234.0,0.0
52410,1709.0,0.0
52411L,3779.0,0.0
52412,2098.0,0.0
52413,1914.0,0.0
52415,1598.0,0.0
52417,1439.0,0.0
52418,2635.0,0.0
52419L,3630.0,0.0
52423L,1157.0,0.0
52425,2041.0,0.0
52426,9994.0,0.0
52427,2873.0,0.0
52428,4560.0,0.0
52429,2562.0,0.0
52430,5520.0,0.0
52431L,4963.0,0.0
52438,2795.0,0.0
52439,2356.0,0.0
52440,1252.0,0.0
52501L,1678.0,0.0
52601L,6770.0,0.0
52605,2463.0,0.0
52606L,1410.0,1410.0
52701L,1979.0,0.0
52702,5834.0,0.0
52704,2271.0,0.0
52705L,2674.0,0.0
52707L,1942.0,0.0
52710,4747.0,0.0
52711,2123.0,0.0
52712L,22782.0,0.0
52713,4719.0,0.0
52714,4821.0,0.0
52716L,1245.0,0.0
52719L,6165.0,0.0
52722,2471.0,0.0
52723,2717.0,0.0
52801L,5568.0,0.0
52901,8473.0,0.0
52902L,2148.0,0.0
52903L,1399.0,0.0
52904,4099.0,0.0
52907,4644.0,0.0
52908,1613.0,0.0
53101L,1558.0,0.0
53102L,1159.0,1159.0
53103L,1088.0,0.0
53104L,3043.0,0.0
53108,1869.0,0.0
53109,1401.0,0.0
53111L,1928.0,0.0
53114,2241.0,0.0
53119L,1756.0,0.0
53124L,3359.0,0.0
53201L,1742.0,1742.0
53203,1026.0,0.0
53204,1855.0,0.0
53206L,2662.0,2662.0
53207L,2999.0,0.0
53214L,1603.0,0.0
53216L,1142.0,0.0
53301L,1062.0,0.0
53303,1101.0,0.0
53304,1569.0,1569.0
53305L,1195.0,0.0
53306L,2069.0,0.0
54101L,1665.0,0.0
54102L,1396.0,0.0
54104L,14999.0,0.0
54107,1081.0,0.0
54201L,1562.0,1562.0
54205L,1236.0,1236.0
54206L,1732.0,1732.0
54208L,4677.0,0.0
54209,2018.0,2018.0
54211L,1262.0,1262.0
54301L,1821.0,0.0
54312L,1516.0,0.0
54401L,2431.0,2431.0
54402,1046.0,1046.0
54501L,1486.0,1486.0
54701L,1911.0,0.0
54703,2585.0,2585.0
54704,4647.0,0.0
54705L,1670.0,0.0
54709L,1665.0,1665.0
54712L,1819.0,0.0
54801L,1773.0,1773.0
61001L,3307.0,0.0
62114L,1599.0,0.0
62122,1217.0,0.0
62301L,1919.0,1919.0
62303,2502.0,0.0
62401L,1248.0,0.0
62403L,2294.0,0.0
62408L,1514.0,0.0
62412L,1375.0,0.0
62419L,1561.0,0.0
62421,3958.0,0.0
62422L,2133.0,0.0
62424L,2592.0,0.0
62428,16731.0,0.0
62434L,8420.0,8420.0
62435L,5662.0,0.0
62438L,2534.0,0.0
62439,1536.0,0.0
62441L,2054.0,2054.0
62501L,4129.0,0.0
62511,2910.0,0.0
62513L,5347.0,0.0
62515L,12811.0,0.0
62521L,1700.0,0.0
62525,4831.0,0.0
62526L,1417.0,0.0
62527,1254.0,0.0
62528,6633.0,0.0
62529L,2438.0,0.0
62536L,1117.0,0.0
62539L,2253.0,0.0
62542,3779.0,0.0
62544L,3968.0,0.0
62548L,1151.0,1151.0
62601L,2833.0,2833.0
62603,3152.0,0.0
62604L,3051.0,0.0
62607,11833.0,0.0
62608,4782.0,0.0
62701L,7571.0,0.0
62702,2899.0,0.0
62704,4010.0,0.0
62705,18505.0,0.0
62801,3647.0,0.0
62802L,1799.0,0.0
62806,6030.0,0.0
62810,9503.0,0.0
62811,6212.0,0.0
62812,6677.0,0.0
62813,6650.0,0.0
62814,14380.0,0.0
62815,11370.0,0.0
62816,2151.0,0.0
62817L,1295.0,0.0
62822,6650.0,0.0
62823,5196.0,0.0
63101L,1248.0,0.0
63103,3212.0,0.0
63104,1194.0,0.0
63106L,1889.0,0.0
63108,2107.0,0.0
63109L,3161.0,0.0
63401L,1540.0,1540.0
63402L,1556.0,1556.0
63403L,1599.0,0.0
63407,1520.0,0.0
63414L,3002.0,3002.0
63421,1561.0,1561.0
63422L,2079.0,0.0
63428L,1189.0,1189.0
63430L,1557.0,0.0
63434L,1104.0,0.0
63435,1798.0,1798.0
64101L,1297.0,1297.0
64105L,1109.0,0.0
64106L,1980.0,0.0
64201L,1528.0,1528.0
64202L,1903.0,1903.0
65101L,2011.0,2011.0
65201L,2776.0,2776.0
65212L,1696.0,1696.0
65238,2215.0,0.0
71101L,3929.0,0.0
72001L,4504.0,0.0
72203L,6005.0,0.0
72206L,21299.0,0.0
72210L,1950.0,1950.0
72213,2857.0,0.0
72214L,1365.0,0.0
72215,6027.0,0.0
72225,4699.0,0.0
72231L,4419.0,0.0
72234,1256.0,1256.0
72301L,1255.0,0.0
72303L,1661.0,0.0
72306L,1124.0,0.0
72308L,1293.0,0.0
72310L,1407.0,0.0
72313L,1474.0,0.0
72315L,1679.0,0.0
72317L,5263.0,0.0
72319L,1592.0,0.0
72325L,1766.0,0.0
72328L,1474.0,0.0
72330L,1930.0,0.0
72336L,16325.0,0.0
72340,1977.0,0.0
72341L,1713.0,0.0
72342,2998.0,0.0
72350,2450.0,0.0
72351,1653.0,0.0
72353L,14589.0,0.0
72355,3051.0,0.0
72356,4685.0,0.0
72358L,1953.0,0.0
72403L,1341.0,0.0
72406,1376.0,0.0
72408,1456.0,0.0
72416L,1696.0,0.0
72420L,2372.0,0.0
72424L,1716.0,1716.0
72503L,3827.0,0.0
72508L,2240.0,0.0
72518,3406.0,0.0
72601,18480.0,0.0
72602L,1851.0,0.0
72604,2746.0,0.0
72605,1858.0,0.0
72606L,1222.0,0.0
72611,1830.0,0.0
72614,2986.0,0.0
72615,1544.0,0.0
72616L,3706.0,0.0
72618,2160.0,0.0
72620,1688.0,0.0
72621,1091.0,0.0
72622,1339.0,0.0
72623,13760.0,0.0
72624L,3874.0,0.0
72625L,5204.0,0.0
72627L,4258.0,0.0
72628,13322.0,0.0
72631,1533.0,0.0
72632L,1065.0,0.0
72634,6723.0,0.0
72635,1047.0,0.0
72807,1410.0,0.0
72808L,2340.0,0.0
72813,1274.0,0.0
72814L,3266.0,0.0
72820L,1956.0,1956.0
72823L,2780.0,0.0
72828,1363.0,0.0
72904L,2070.0,0.0
72908,1475.0,0.0
72917L,1075.0,0.0
72919L,1429.0,0.0
72925L,1521.0,0.0
72928L,1734.0,0.0
72930L,2605.0,0.0
72932L,15705.0,0.0
73101L,2148.0,0.0
73201L,4429.0,0.0
74105L,2323.0,0.0
74106L,1892.0,0.0
74108L,3043.0,0.0
74122,1634.0,0.0
75107L,3984.0,0.0
75302L,1010.0,0.0
75303,1367.0,0.0
75312,5836.0,0.0
75313,11983.0,0.0
75314,1358.0,0.0
75315L,3372.0,0.0
75322L,1259.0,0.0
75323L,2018.0,0.0
75326L,2886.0,0.0
75327L,9892.0,0.0
75334L,1756.0,0.0
75347L,8619.0,0.0
75401,1299.0,0.0
75402L,1484.0,0.0
75407,1132.0,0.0
75409,1558.0,0.0
75410,3853.0,0.0
75411,1884.0,0.0
75413,15126.0,0.0
75416,1167.0,0.0
75417,4115.0,0.0
75430L,1632.0,0.0
75438,9273.0,0.0
75440L,13914.0,0.0
75442L,1980.0,0.0
75446,2027.0,0.0
75501L,10123.0,0.0
75504,14191.0,0.0
75506,15740.0,0.0
75507L,1626.0,0.0
75509L,1105.0,0.0
75511L,1912.0,0.0
75513,2758.0,0.0
75514,2656.0,0.0
75515L,1503.0,0.0
75518L,6053.0,0.0
75523L,29555.0,0.0
75601,8477.0,0.0
75602L,11507.0,0.0
75603,4861.0,0.0
75604,8251.0,0.0
75610L,2419.0,0.0
75612L,1914.0,0.0
75614L,1280.0,0.0
75617L,24223.0,0.0
75618L,15367.0,0.0
75620L,6335.0,0.0
75625,11716.0,0.0
75626,7960.0,0.0
75627,2155.0,0.0
75706L,1814.0,0.0
75708,10072.0,0.0
75710,6382.0,0.0
75711,25722.0,0.0
75712,8275.0,0.0
75713,2714.0,0.0
75714L,15908.0,0.0
75716,23777.0,0.0
75717L,3402.0,0.0
75719,13044.0,4479.800000000279
75720,4483.0,0.0
75721,1512.0,0.0
75722,5539.0,0.0
75723,1709.0,0.0
75724,3196.0,0.0
75725,1609.0,0.0
75726,1775.0,0.0
75727,2979.0,0.0
75728,2735.0,0.0
75730L,1251.0,0.0
75731,3193.0,0.0
75732L,12248.0,0.0
75733,9617.0,0.0
75736,14561.0,0.0
75737,3770.0,0.0
75738L,11526.0,0.0
75739,12596.0,0.0
75740,2591.0,0.0
75741,2356.0,0.0
75802L,2131.0,0.0
75804,4133.0,0.0
75805,3415.0,0.0
75807,7970.0,0.0
75810L,17602.0,0.0
75815,4386.0,0.0
75816L,1502.0,0.0
75820L,1840.0,0.0
75824,4495.0,0.0
75901L,1133.0,0.0
75908L,2270.0,0.0
75909,2192.0,0.0
75910,4706.0,0.0
75911L,1547.0,0.0
75913,1567.0,0.0
75914L,3541.0,0.0
75916,5422.0,0.0
75917,1632.0,0.0
75918,14583.0,0.0
75919L,17296.0,0.0
75921,3195.0,0.0
75923,3921.0,0.0
75927,9143.0,0.0
75929L,2050.0,0.0
75931,2724.0,0.0
75932L,2068.0,0.0
75938,5968.0,0.0
75939,5443.0,0.0
75940L,2390.0,0.0
75943,12320.0,0.0
75944,1836.0,0.0
75945,17492.0,0.0
81101L,2725.0,0.0
82001L,1137.0,0.0
82006L,2320.0,0.0
82009,1721.0,0.0
82010L,1888.0,0.0
82101L,1432.0,0.0
82201L,1485.0,0.0
82204L,1261.0,0.0
82209,2522.0,0.0
82214L,1935.0,0.0
82301L,1615.0,0.0
82327,2379.0,0.0
82502,1335.0,0.0
82503L,2444.0,0.0
82601L,4255.0,0.0
82602,1528.0,0.0
82603,2517.0,0.0
82701L,1628.0,0.0
82703L,2245.0,0.0
82901L,2343.0,0.0
82907L,1331.0,0.0
83102L,2393.0,0.0
83106,2337.0,0.0
83107L,1871.0,0.0
83108L,1503.0,0.0
83109,1312.0,0.0
83112,2369.0,0.0
83113L,2428.0,0.0
83121,2115.0,0.0
83122,2192.0,0.0
83124,2046.0,0.0
83125L,2271.0,0.0
83127L,1629.0,0.0
83201L,2208.0,0.0
83208L,1266.0,0.0
83211,1358.0,0.0
83304L,15295.0,0.0
83305L,14342.0,0.0
83312,19934.0,0.0
83313,14219.0,0.0
83501,16316.0,16316.0
83502L,5889.0,0.0
83601L,1920.0,0.0
83609L,4617.0,0.0
83613,18923.0,18923.0
83614L,7336.0,0.0
83616L,16097.0,0.0
83618,8900.0,0.0
83619,4742.0,0.0
83620,2348.0,0.0
83622L,4314.0,0.0
83624,15419.0,0.0
83701L,1386.0,0.0
83705L,7027.0,0.0
83709,13575.0,0.0
83710,6691.0,0.0
83711,7527.0,0.0
83712,11393.0,0.0
83713L,17053.0,0.0
83715,12289.0,0.0
83801,33336.0,0.0
83802L,5294.0,0.0
83804,6052.0,0.0
83805,11994.0,0.0
83806L,3088.0,0.0
83808,12077.0,0.0
83809,11767.0,0.0
83810L,2504.0,0.0
83812,11595.0,0.0
83813,14765.0,0.0
83814,9678.0,0.0
83901L,1151.0,0.0
83905L,39444.0,0.0
83912,7396.0,0.0
91101L,2400.0,0.0
91208L,1906.0,0.0
91217,2418.0,0.0
92001L,2989.0,0.0
92004,9243.0,0.0
92005,1515.0,0.0
92006L,1022.0,0.0
92007L,1937.0,0.0
92010,1283.0,0.0
92013,1780.0,0.0
93101L,1102.0,1102.0
93115,1601.0,0.0
93116L,1542.0,0.0
93201L,2154.0,0.0
94401L,2169.0,2169.0
94411,1509.0,1509.0
95001L,3177.0,0.0
95003L,2252.0,0.0
95006L,38445.0,0.0
95013L,11116.0,0.0
95014L,1043.0,0.0
95033,17390.0,0.0
95035,12298.0,0.0
95036,30308.0,0.0
96101L,4446.0,0.0
96201,3143.0,0.0
97101L,4189.0,0.0
97106L,7401.0,0.0
97107,7762.0,0.0
97501,12388.0,0.0
97502L,2021.0,0.0
97601L,2026.0,0.0
97602L,2083.0,0.0
97608L,1633.0,0.0
