scenario,budget_sites,population_within_selected_catchments,zero_affordability_priority_reached_share,joint_priority_reached_share,weighted_gini,income_concentration_index,zero_access_population_share,population_newly_covered,mean_joint_options,joint_priority_population_reached,joint_priority_population_denominator,zero_affordability_priority_population_reached,zero_affordability_priority_population_denominator
BAU,0,0.0,0.0,0.0,0.6623619459114011,-0.018235829075244,0.1963533051799415,0.0,106.81177321284768,0.0,1214851.0168858068,0.0,582180.8000000003
zero_affordability_gap,5,468039.0,0.3850264385221909,0.2501771787450119,0.6616801218026329,-0.0184180239704564,0.1596188250678751,272146.0,106.87887499456704,303928.0,1214851.0168858068,224155.0,582180.8000000003
zero_affordability_gap,10,649316.0,0.496998526918098,0.32079597445776,0.6615154986000702,-0.0185146176066164,0.1535629122481832,317011.0,106.90611533136028,389719.3157828831,1214851.0168858068,289343.0,582180.8000000003
zero_affordability_gap,20,1336384.0,0.5560159318204931,0.3828025900451601,0.6611819776735626,-0.0187870654899466,0.1471013821762195,364881.0,106.99885630782744,465048.11578288337,1214851.0168858068,323701.8000000003,582180.8000000003
equity_joint,5,470185.0,0.3301139439844116,0.2532187039597431,0.6616990169233582,-0.0184467852161024,0.1650104974554772,232202.0,106.87916466332688,307623.0,1214851.0168858068,192186.0,582180.8000000003
equity_joint,10,1064754.0,0.3301139439844116,0.4204836584073225,0.6611723289862277,-0.0187152842285566,0.1650104974554772,232202.0,106.96026003777844,510825.0,1214851.0168858068,192186.0,582180.8000000003
equity_joint,20,1652688.0,0.4388653833997958,0.6175982215300774,0.6604750195611248,-0.0188268605985156,0.1539269554193569,314314.0,107.04275016865849,750289.8274526803,1214851.0168858068,255499.0,582180.8000000003
access_deficit,5,523722.0,0.2116301327697511,0.2169261879333567,0.6616851352111983,-0.0183849776211881,0.1707065515082617,190003.0,106.8824656183699,263533.0,1214851.0168858068,123207.0,582180.8000000003
access_deficit,10,898135.0,0.3850264385221909,0.3905581782499335,0.6611644927417369,-0.0184911053467309,0.1530252837903467,320994.0,106.93788211372348,474470.0,1214851.0168858068,224155.0,582180.8000000003
access_deficit,20,1682468.0,0.3850264385221909,0.5456948627230083,0.6603615500058726,-0.0186253864019968,0.1507823081227925,337611.0,107.04834822666297,662937.9588884073,1214851.0168858068,224155.0,582180.8000000003
population_reach,5,844503.0,0.0,0.055340119130278,0.6620870672223013,-0.0185277787757753,0.1963533051799415,0.0,106.92576488885275,67230.0,1214851.0168858068,0.0,582180.8000000003
population_reach,10,1513257.0,0.0430536355716299,0.094752359260543,0.6617630905168213,-0.0186525052706874,0.1929700118594115,25065.0,107.02391562513245,115110.0,1214851.0168858068,25065.0,582180.8000000003
population_reach,20,2653673.0,0.1783981883291238,0.2759433852089219,0.6610847440346486,-0.0188625468753333,0.1823342010797922,103860.0,107.19102115931754,335230.1021239707,1214851.0168858068,103860.0,582180.8000000003
