scenario,budget_sites,site_id
zero_affordability_gap,5,plot_033
zero_affordability_gap,5,plot_145
zero_affordability_gap,5,plot_157
zero_affordability_gap,5,plot_166
zero_affordability_gap,5,plot_182
zero_affordability_gap,10,plot_015
zero_affordability_gap,10,plot_033
zero_affordability_gap,10,plot_054
zero_affordability_gap,10,plot_088
zero_affordability_gap,10,plot_157
zero_affordability_gap,10,plot_166
zero_affordability_gap,10,plot_182
zero_affordability_gap,10,plot_188
zero_affordability_gap,10,plot_195
zero_affordability_gap,10,plot_197
zero_affordability_gap,20,plot_015
zero_affordability_gap,20,plot_033
zero_affordability_gap,20,plot_038
zero_affordability_gap,20,plot_053
zero_affordability_gap,20,plot_054
zero_affordability_gap,20,plot_064
zero_affordability_gap,20,plot_088
zero_affordability_gap,20,plot_107
zero_affordability_gap,20,plot_110
zero_affordability_gap,20,plot_112
zero_affordability_gap,20,plot_150
zero_affordability_gap,20,plot_156
zero_affordability_gap,20,plot_157
zero_affordability_gap,20,plot_166
zero_affordability_gap,20,plot_176
zero_affordability_gap,20,plot_182
zero_affordability_gap,20,plot_188
zero_affordability_gap,20,plot_195
zero_affordability_gap,20,plot_197
zero_affordability_gap,20,plot_234
equity_joint,5,plot_008
equity_joint,5,plot_145
equity_joint,5,plot_157
equity_joint,5,plot_166
equity_joint,5,plot_182
equity_joint,10,plot_008
equity_joint,10,plot_133
equity_joint,10,plot_145
equity_joint,10,plot_146
equity_joint,10,plot_148
equity_joint,10,plot_157
equity_joint,10,plot_166
equity_joint,10,plot_175
equity_joint,10,plot_182
equity_joint,10,plot_211
equity_joint,20,plot_001
equity_joint,20,plot_005
equity_joint,20,plot_015
equity_joint,20,plot_017
equity_joint,20,plot_033
equity_joint,20,plot_088
equity_joint,20,plot_116
equity_joint,20,plot_133
equity_joint,20,plot_145
equity_joint,20,plot_146
equity_joint,20,plot_148
equity_joint,20,plot_157
equity_joint,20,plot_166
equity_joint,20,plot_173
equity_joint,20,plot_175
equity_joint,20,plot_182
equity_joint,20,plot_193
equity_joint,20,plot_210
equity_joint,20,plot_211
equity_joint,20,plot_215
access_deficit,5,plot_008
access_deficit,5,plot_145
access_deficit,5,plot_157
access_deficit,5,plot_203
access_deficit,5,plot_236
access_deficit,10,plot_001
access_deficit,10,plot_005
access_deficit,10,plot_033
access_deficit,10,plot_140
access_deficit,10,plot_145
access_deficit,10,plot_157
access_deficit,10,plot_166
access_deficit,10,plot_182
access_deficit,10,plot_203
access_deficit,10,plot_236
access_deficit,20,plot_001
access_deficit,20,plot_005
access_deficit,20,plot_017
access_deficit,20,plot_033
access_deficit,20,plot_049
access_deficit,20,plot_133
access_deficit,20,plot_140
access_deficit,20,plot_143
access_deficit,20,plot_145
access_deficit,20,plot_157
access_deficit,20,plot_166
access_deficit,20,plot_167
access_deficit,20,plot_175
access_deficit,20,plot_182
access_deficit,20,plot_185
access_deficit,20,plot_196
access_deficit,20,plot_203
access_deficit,20,plot_210
access_deficit,20,plot_215
access_deficit,20,plot_228
population_reach,5,plot_071
population_reach,5,plot_110
population_reach,5,plot_150
population_reach,5,plot_160
population_reach,5,plot_175
population_reach,10,plot_012
population_reach,10,plot_063
population_reach,10,plot_071
population_reach,10,plot_110
population_reach,10,plot_150
population_reach,10,plot_160
population_reach,10,plot_175
population_reach,10,plot_176
population_reach,10,plot_192
population_reach,10,plot_197
population_reach,20,plot_012
population_reach,20,plot_044
population_reach,20,plot_059
population_reach,20,plot_063
population_reach,20,plot_066
population_reach,20,plot_071
population_reach,20,plot_105
population_reach,20,plot_110
population_reach,20,plot_129
population_reach,20,plot_130
population_reach,20,plot_146
population_reach,20,plot_150
population_reach,20,plot_157
population_reach,20,plot_159
population_reach,20,plot_160
population_reach,20,plot_175
population_reach,20,plot_176
population_reach,20,plot_192
population_reach,20,plot_193
population_reach,20,plot_197
