year,component,concentration_index,lsbg_n,population_analyzed
2011,Nutrition,-0.0238984062942914,846,3890498.0
2011,Carbon,0.0002964106073961,846,3890498.0
2011,Cuisine diversity,0.0991162159792569,982,4671954.0
2011,Sustainability text,0.0585206675060294,1172,5581970.0
2011,Hygiene,0.0583120343296454,1172,5581970.0
2011,Practice tag*,-0.0117148370616981,1172,5581970.0
2016,Nutrition,0.0036120577271097,1052,5179268.0
2016,Carbon,0.0085328854172812,1052,5179268.0
2016,Cuisine diversity,0.0385187176760508,1056,5229985.0
2016,Sustainability text,0.0743803338113033,1219,5923829.0
2016,Hygiene,0.0458981467626091,1219,5923829.0
2016,Practice tag*,-0.0422898699174062,1219,5923829.0
2021,Nutrition,-0.0129240932866315,1194,5417709.0
2021,Carbon,-0.0040016119210404,1194,5417709.0
2021,Cuisine diversity,0.0212333188414768,1207,5497794.0
2021,Sustainability text,0.0861488796874363,1336,6044668.0
2021,Hygiene,0.0733698306337451,1336,6044668.0
2021,Practice tag*,-0.0461551076892468,1337,6046384.0
2024,Nutrition,-0.0222293697191767,1168,5264853.0
2024,Carbon,0.0029747591215891,1168,5264853.0
2024,Cuisine diversity,0.0318688646473983,1183,5360220.0
2024,Sustainability text,0.0910494624460696,1296,5886735.0
2024,Hygiene,0.0834706746753761,1296,5886735.0
2024,Practice tag*,-0.0614135634653749,1297,5888451.0
