population_fraction,cumulative_sdi_fraction,year
0.0,0.0,2011
0.01,0.0092632040109172,2011
0.02,0.0190385234972424,2011
0.03,0.0287633435216047,2011
0.04,0.037989066960575,2011
0.05,0.0456372107759896,2011
0.06,0.0530781795093695,2011
0.07,0.0624241881159594,2011
0.08,0.0739029118796002,2011
0.09,0.0819561812733147,2011
0.1,0.089641830321958,2011
0.11,0.1000199363179249,2011
0.12,0.1117808953720787,2011
0.13,0.1204062366638436,2011
0.14,0.1287205253709868,2011
0.15,0.1346992192882422,2011
0.16,0.1443826032060751,2011
0.17,0.1544213864589207,2011
0.18,0.165562348916432,2011
0.19,0.1786677295343458,2011
0.2,0.190406105296895,2011
0.21,0.2009479693448786,2011
0.22,0.2113751046686858,2011
0.23,0.2216237399987358,2011
0.24,0.2306911748610428,2011
0.25,0.2409893989847149,2011
0.26,0.2519603616427994,2011
0.27,0.2614991929880437,2011
0.28,0.2699469924644637,2011
0.29,0.2804131127079136,2011
0.3,0.2879764904640967,2011
0.31,0.2974524538947918,2011
0.32,0.3074014944384037,2011
0.33,0.317833592156701,2011
0.34,0.3272627042157717,2011
0.35,0.3359950776863314,2011
0.36,0.3458934983466094,2011
0.37,0.3560602475951686,2011
0.38,0.367951966608165,2011
0.39,0.3792757899587528,2011
0.4,0.3895740023163415,2011
0.41,0.397801777069943,2011
0.42,0.4068050121781687,2011
0.43,0.4161353739408343,2011
0.44,0.4244048780546158,2011
0.45,0.4346627500751615,2011
0.46,0.4438800040815018,2011
0.47,0.4541496799898558,2011
0.48,0.4649634337484427,2011
0.49,0.47548621761772,2011
0.5,0.4860524232074052,2011
0.51,0.4966810881647014,2011
0.52,0.5064975246865819,2011
0.53,0.5159045894967875,2011
0.54,0.5248347227844002,2011
0.55,0.5342883385012284,2011
0.56,0.5429874990790082,2011
0.5700000000000001,0.5527348566657253,2011
0.58,0.5606899464514452,2011
0.59,0.5711700320005395,2011
0.6,0.5815471155180869,2011
0.61,0.5901513442143401,2011
0.62,0.600682260160495,2011
0.63,0.6103456880855147,2011
0.64,0.6193532481638621,2011
0.65,0.6282059678787283,2011
0.66,0.6379530311008804,2011
0.67,0.6484622565085929,2011
0.68,0.6580885616829206,2011
0.6900000000000001,0.6687553277394812,2011
0.7000000000000001,0.6786085314785699,2011
0.71,0.6887163165348102,2011
0.72,0.6990018673484656,2011
0.73,0.7099889265540619,2011
0.74,0.7192346606742722,2011
0.75,0.7303536587589348,2011
0.76,0.7413999738593207,2011
0.77,0.752801880477251,2011
0.78,0.764143197742612,2011
0.79,0.7751565545072331,2011
0.8,0.7858068412695849,2011
0.81,0.794991331497366,2011
0.8200000000000001,0.804974577514843,2011
0.8300000000000001,0.8168264221420131,2011
0.84,0.8270696772084024,2011
0.85,0.838042049954807,2011
0.86,0.8498938395809972,2011
0.87,0.8597398773860084,2011
0.88,0.8702273708625461,2011
0.89,0.8799312597658171,2011
0.9,0.8898613596895701,2011
0.91,0.9006028435106778,2011
0.92,0.9092979426292314,2011
0.93,0.9196506969674874,2011
0.94,0.9309459601146244,2011
0.95,0.943801616875668,2011
0.96,0.9558445268682876,2011
0.97,0.9659633378209632,2011
0.98,0.9769776536750366,2011
0.99,0.987781042779097,2011
1.0,1.0,2011
0.0,0.0,2016
0.01,0.0095582189568885,2016
0.02,0.0185622244765111,2016
0.03,0.0270650832807281,2016
0.04,0.0376869236599031,2016
0.05,0.0480213048939283,2016
0.06,0.0581436806672886,2016
0.07,0.0677549214731843,2016
0.08,0.0762393775402365,2016
0.09,0.0874865862337154,2016
0.1,0.0967747177397967,2016
0.11,0.1050746456250115,2016
0.12,0.1136603566672692,2016
0.13,0.1236422227941884,2016
0.14,0.1334451094389094,2016
0.15,0.1430175975661134,2016
0.16,0.1521210597491737,2016
0.17,0.1602406115265391,2016
0.18,0.1710441438474922,2016
0.19,0.1758353969820441,2016
0.2,0.1831069436988928,2016
0.21,0.1914543250469168,2016
0.22,0.2011517813542732,2016
0.23,0.2097715164977217,2016
0.24,0.2200258182646373,2016
0.25,0.2293403600571877,2016
0.26,0.2372530509404672,2016
0.27,0.2472283418369951,2016
0.28,0.2572223754170992,2016
0.29,0.2672880320763317,2016
0.3,0.2770840849826313,2016
0.31,0.2872354552822445,2016
0.32,0.2974059800104832,2016
0.33,0.3072308078046284,2016
0.34,0.3176921372496946,2016
0.35,0.327408250003557,2016
0.36,0.3387880172020558,2016
0.37,0.3489203142783397,2016
0.38,0.3591339694044005,2016
0.39,0.3692086378428517,2016
0.4,0.3801419313206055,2016
0.41,0.3906181727167537,2016
0.42,0.4016117630312402,2016
0.43,0.4121274722145611,2016
0.44,0.4235640167505264,2016
0.45,0.4332992362723895,2016
0.46,0.4441935021717832,2016
0.47,0.4540709687641659,2016
0.48,0.4653372594011226,2016
0.49,0.4740063629676211,2016
0.5,0.4819679117059504,2016
0.51,0.4922283257246697,2016
0.52,0.5033326161376824,2016
0.53,0.5129228787317431,2016
0.54,0.5219942937691874,2016
0.55,0.5318428337397656,2016
0.56,0.5417118589395991,2016
0.5700000000000001,0.552003581812674,2016
0.58,0.5612967199636409,2016
0.59,0.572939882997664,2016
0.6,0.5830593822960265,2016
0.61,0.5925475170169789,2016
0.62,0.6019964750653332,2016
0.63,0.6116505550566412,2016
0.64,0.6215050451889252,2016
0.65,0.6321899289280262,2016
0.66,0.6420711285133471,2016
0.67,0.6518977744213632,2016
0.68,0.6628879785449451,2016
0.6900000000000001,0.6733553434904601,2016
0.7000000000000001,0.6838075104689365,2016
0.71,0.6930341006404716,2016
0.72,0.7023829187584799,2016
0.73,0.7128152870738594,2016
0.74,0.7230935779118112,2016
0.75,0.7328262762504357,2016
0.76,0.742400004545687,2016
0.77,0.7531909214313457,2016
0.78,0.7630757892049247,2016
0.79,0.7734603219118337,2016
0.8,0.7847640616466038,2016
0.81,0.7973229502210938,2016
0.8200000000000001,0.8070396101976088,2016
0.8300000000000001,0.8179989014276916,2016
0.84,0.826471967212626,2016
0.85,0.8362374041715558,2016
0.86,0.846994003822984,2016
0.87,0.8576721673726746,2016
0.88,0.8679512132025726,2016
0.89,0.8786465294730235,2016
0.9,0.8884935054265893,2016
0.91,0.8993253154239862,2016
0.92,0.910243026831434,2016
0.93,0.9213329092405068,2016
0.94,0.9316113394826414,2016
0.95,0.943340919470024,2016
0.96,0.953850711160776,2016
0.97,0.9654216736747828,2016
0.98,0.9776219326463944,2016
0.99,0.9894590645751145,2016
1.0,1.0,2016
0.0,0.0,2021
0.01,0.0095704306152483,2021
0.02,0.0200917358171435,2021
0.03,0.0295358310508676,2021
0.04,0.0390084096282059,2021
0.05,0.0487193849128292,2021
0.06,0.0586476678269006,2021
0.07,0.0684494047149759,2021
0.08,0.0774002140129738,2021
0.09,0.0866700537535364,2021
0.1,0.0955688668930944,2021
0.11,0.1045801811765001,2021
0.12,0.1125871511018822,2021
0.13,0.1227819734011481,2021
0.14,0.1313703185632811,2021
0.15,0.141483047223874,2021
0.16,0.1498329395000883,2021
0.17,0.1589465084199184,2021
0.18,0.1678813308987937,2021
0.19,0.1780622582663173,2021
0.2,0.186792644221012,2021
0.21,0.1960027696050172,2021
0.22,0.2057422677471557,2021
0.23,0.2161147221065903,2021
0.24,0.2260896334258989,2021
0.25,0.2358311881726915,2021
0.26,0.2459751649443514,2021
0.27,0.2559771867372695,2021
0.28,0.2665209518098624,2021
0.29,0.2771039404359532,2021
0.3,0.2873428193081257,2021
0.31,0.2961055323636563,2021
0.32,0.3058993139131897,2021
0.33,0.3147850761996551,2021
0.34,0.3244540498192704,2021
0.35,0.3345648504324603,2021
0.36,0.3447709089462486,2021
0.37,0.3543271266654522,2021
0.38,0.3645995033948114,2021
0.39,0.3752396697067013,2021
0.4,0.3855900932311172,2021
0.41,0.3956342450347439,2021
0.42,0.404018797465787,2021
0.43,0.4145559138435454,2021
0.44,0.4242755563371002,2021
0.45,0.4334882546974036,2021
0.46,0.4426243771021809,2021
0.47,0.4515224260621464,2021
0.48,0.4621440443587772,2021
0.49,0.4709330194159154,2021
0.5,0.4802566603679857,2021
0.51,0.4911313289434758,2021
0.52,0.5017832350930577,2021
0.53,0.5115834140500416,2021
0.54,0.520883323150745,2021
0.55,0.5311023667790907,2021
0.56,0.5414752650731843,2021
0.5700000000000001,0.5516403383578772,2021
0.58,0.5612061979186649,2021
0.59,0.5707681779143449,2021
0.6,0.5808436489868364,2021
0.61,0.5913894935040239,2021
0.62,0.6012821051367091,2021
0.63,0.611085040969989,2021
0.64,0.6206303495592174,2021
0.65,0.6313177789918176,2021
0.66,0.640600046842967,2021
0.67,0.6509607508703578,2021
0.68,0.6616746030611923,2021
0.6900000000000001,0.6727289167975843,2021
0.7000000000000001,0.6830649064872613,2021
0.71,0.6927338210187166,2021
0.72,0.7024509578122625,2021
0.73,0.7129706208067188,2021
0.74,0.7227787017006739,2021
0.75,0.7323021244104013,2021
0.76,0.7424719158914931,2021
0.77,0.7527552585854388,2021
0.78,0.7622233062322114,2021
0.79,0.7722929667773868,2021
0.8,0.7819581644522872,2021
0.81,0.7926690645382852,2021
0.8200000000000001,0.802623647838373,2021
0.8300000000000001,0.8129500782520598,2021
0.84,0.8240475407888989,2021
0.85,0.835188344216215,2021
0.86,0.8461099690969517,2021
0.87,0.8572855099266156,2021
0.88,0.868426994195932,2021
0.89,0.8792352355676801,2021
0.9,0.8907179088650821,2021
0.91,0.9017610436463476,2021
0.92,0.9128049513607788,2021
0.93,0.9234400897922644,2021
0.94,0.9345431217019984,2021
0.95,0.9448548473226556,2021
0.96,0.9555875994231549,2021
0.97,0.9674647394378996,2021
0.98,0.978835829934952,2021
0.99,0.9895608574004048,2021
1.0,1.0,2021
0.0,0.0,2024
0.01,0.0108540450117341,2024
0.02,0.0214449144750557,2024
0.03,0.0306016515726861,2024
0.04,0.038128952954344,2024
0.05,0.0489957347578706,2024
0.06,0.0581549746414952,2024
0.07,0.0672769991275435,2024
0.08,0.0752721947611809,2024
0.09,0.0854452883657784,2024
0.1,0.0948598837844072,2024
0.11,0.1042008392121849,2024
0.12,0.1126712133571119,2024
0.13,0.1230787842311722,2024
0.14,0.1336350981445376,2024
0.15,0.1434349833088901,2024
0.16,0.1520615021737311,2024
0.17,0.1607868329447144,2024
0.18,0.169538769595943,2024
0.19,0.1780693006986199,2024
0.2,0.1869888950141704,2024
0.21,0.1968433033549277,2024
0.22,0.2070545382459875,2024
0.23,0.2184636096344724,2024
0.24,0.2283782873301962,2024
0.25,0.2359304769898949,2024
0.26,0.2451732624848835,2024
0.27,0.2552914631024137,2024
0.28,0.2654753418808726,2024
0.29,0.2752445466526689,2024
0.3,0.2850777885306204,2024
0.31,0.2935029979103844,2024
0.32,0.3031670230647766,2024
0.33,0.3126186444268745,2024
0.34,0.3227178981597387,2024
0.35,0.3335744557545899,2024
0.36,0.3435882215131952,2024
0.37,0.3541223122213852,2024
0.38,0.3638617446669458,2024
0.39,0.3729210801112873,2024
0.4,0.3822393348393072,2024
0.41,0.392054774051459,2024
0.42,0.4007321152170832,2024
0.43,0.4112070869369573,2024
0.44,0.420939368857179,2024
0.45,0.4306730569198919,2024
0.46,0.4407189226154456,2024
0.47,0.4509527931744682,2024
0.48,0.4611419898515458,2024
0.49,0.4712385940720008,2024
0.5,0.4788430730789373,2024
0.51,0.4881692256316683,2024
0.52,0.4985388895471015,2024
0.53,0.5076403768614889,2024
0.54,0.5175354960119929,2024
0.55,0.5276548857550646,2024
0.56,0.5376619652478687,2024
0.5700000000000001,0.5470767126788235,2024
0.58,0.5568915511556556,2024
0.59,0.5667878558115325,2024
0.6,0.5773884480931691,2024
0.61,0.5876102607859494,2024
0.62,0.597772849627083,2024
0.63,0.607396042556036,2024
0.64,0.6173125356534062,2024
0.65,0.6275825639952377,2024
0.66,0.6377776891453846,2024
0.67,0.6478555398869591,2024
0.68,0.6584835578133557,2024
0.6900000000000001,0.6694707370539192,2024
0.7000000000000001,0.6801588945938919,2024
0.71,0.6901703819394245,2024
0.72,0.699620182262719,2024
0.73,0.7102764816598857,2024
0.74,0.7204313075246347,2024
0.75,0.7297395634168209,2024
0.76,0.7400907321372532,2024
0.77,0.750475702641892,2024
0.78,0.7609267326458932,2024
0.79,0.7707240845869925,2024
0.8,0.7815981128503627,2024
0.81,0.7915648405106233,2024
0.8200000000000001,0.802097652861663,2024
0.8300000000000001,0.8124752813391917,2024
0.84,0.8234091479213751,2024
0.85,0.8351897359027104,2024
0.86,0.8464092581520515,2024
0.87,0.8579668726262479,2024
0.88,0.8692481584335928,2024
0.89,0.8806431365029354,2024
0.9,0.8898604395457287,2024
0.91,0.9012770002688366,2024
0.92,0.9121862035870474,2024
0.93,0.9226552243228342,2024
0.94,0.9336527701825506,2024
0.95,0.9442905987785662,2024
0.96,0.954733935746774,2024
0.97,0.9660419353775596,2024
0.98,0.9771969501105976,2024
0.99,0.9892182489399546,2024
1.0,1.0,2024
