year,income_quintile,mean_sdi
2011,1,0.3587368480433598
2011,2,0.3753797071843535
2011,3,0.3616298310002649
2011,4,0.3850361875164474
2011,5,0.4036278131033224
2016,1,0.3600723563865476
2016,2,0.3877123723156873
2016,3,0.3993594474541201
2016,4,0.3965807659856974
2016,5,0.4233948809841288
2021,1,0.3887127546495675
2021,2,0.4136945774513131
2021,3,0.4063197875347113
2021,4,0.4185163587817254
2021,5,0.4537418637551768
2024,1,0.3980937781328164
2024,2,0.4156823605283746
2024,3,0.4154666392814998
2024,4,0.4347562830844373
2024,5,0.4649711010921127
