year,metric,estimate,lower_95,upper_95,valid_replicates
2011,weighted_gini,0.1232423639135796,0.1115241392759938,0.1352364976424341,999
2011,theil_t,0.0257924855335501,0.0210531762847845,0.0315449134997043,999
2011,concentration_index,0.0253898231018463,0.0089197732747597,0.0420975634394171,999
2011,income_quintile_relative_ratio,1.1251361974795986,1.03312889549443,1.2584994667419571,999
2016,weighted_gini,0.1156705007274533,0.1045050956168191,0.1264399715054032,999
2016,theil_t,0.0235929224128845,0.0190036135342545,0.0285235033167725,999
2016,concentration_index,0.0282477507671869,0.0157478387813858,0.0412912570310796,999
2016,income_quintile_relative_ratio,1.1758605554534785,1.082509588011891,1.2625009780127463,999
2021,weighted_gini,0.1015548389971044,0.0949451294426907,0.1081758500404007,999
2021,theil_t,0.0172720893011714,0.0151861242550803,0.0195322915465493,999
2021,concentration_index,0.0259330780969229,0.0175349568254251,0.0341314539472688,999
2021,income_quintile_relative_ratio,1.1672934791250529,1.1057278517060507,1.2154674389691271,999
2024,weighted_gini,0.1053064572446463,0.0969375104641911,0.1123687572601661,999
2024,theil_t,0.019559672002919,0.0162290246980137,0.0233776978792928,999
2024,concentration_index,0.0286058734921863,0.019475860131518,0.0381562276810888,999
2024,income_quintile_relative_ratio,1.1679938914719337,1.100211297782332,1.229523513903208,999
