file,field,unit,meaning,missing_rule
area/2011_lsbg_price_market.gpkg,lsbg,area code,Neighbourhood geometry join key; not a restaurant/person identifier. In DCCA files the historical lsbg field labels the DCCA unit.,"Blank is unavailable/undefined, never implicitly zero; geometry must be present."
area/2011_lsbg_price_market.gpkg,restaurant_n,outlets per area,Annual aggregated outlet count used to distinguish zero supply from unavailable SDI.,"Blank is unavailable/undefined, never implicitly zero; geometry must be present."
area/2011_lsbg_price_market.gpkg,sdi_equal_arithmetic,"score, 0–1",Frozen area/component SDI score; larger values correspond to the study scoring direction. Practice is an undated snapshot. Price is outside SDI.,"Blank is unavailable/undefined, never implicitly zero; geometry must be present."
area/2011_lsbg_price_market.gpkg,geometry,"metres, EPSG:2326",Hong Kong 1980 Grid plotting polygon; simplification and any validity repair are recorded per file.,"Blank is unavailable/undefined, never implicitly zero; geometry must be present."
area/2011_lsbg_components.csv,lsbg,area code,Neighbourhood geometry join key; not a restaurant/person identifier. In DCCA files the historical lsbg field labels the DCCA unit.,"Blank is unavailable/undefined, never implicitly zero; geometry must be present."
area/2011_lsbg_components.csv,restaurant_n,outlets per area,Annual aggregated outlet count used to distinguish zero supply from unavailable SDI.,"Blank is unavailable/undefined, never implicitly zero; geometry must be present."
area/2011_lsbg_components.csv,nutrition_score,"score, 0–1",Frozen area/component SDI score; larger values correspond to the study scoring direction. Practice is an undated snapshot. Price is outside SDI.,"Blank is unavailable/undefined, never implicitly zero; geometry must be present."
area/2011_lsbg_components.csv,carbon_score,"score, 0–1",Frozen area/component SDI score; larger values correspond to the study scoring direction. Practice is an undated snapshot. Price is outside SDI.,"Blank is unavailable/undefined, never implicitly zero; geometry must be present."
area/2011_lsbg_components.csv,diversity_score,"score, 0–1",Frozen area/component SDI score; larger values correspond to the study scoring direction. Practice is an undated snapshot. Price is outside SDI.,"Blank is unavailable/undefined, never implicitly zero; geometry must be present."
area/2011_lsbg_components.csv,sustainability_score,"score, 0–1",Frozen area/component SDI score; larger values correspond to the study scoring direction. Practice is an undated snapshot. Price is outside SDI.,"Blank is unavailable/undefined, never implicitly zero; geometry must be present."
area/2011_lsbg_components.csv,hygiene_score,"score, 0–1",Frozen area/component SDI score; larger values correspond to the study scoring direction. Practice is an undated snapshot. Price is outside SDI.,"Blank is unavailable/undefined, never implicitly zero; geometry must be present."
area/2011_lsbg_components.csv,practice_score,"score, 0–1",Frozen area/component SDI score; larger values correspond to the study scoring direction. Practice is an undated snapshot. Price is outside SDI.,"Blank is unavailable/undefined, never implicitly zero; geometry must be present."
atlas/2011_lsbg_components.gpkg,lsbg,area code,Neighbourhood geometry join key; not a restaurant/person identifier. In DCCA files the historical lsbg field labels the DCCA unit.,"Blank is unavailable/undefined, never implicitly zero; geometry must be present."
atlas/2011_lsbg_components.gpkg,geometry,"metres, EPSG:2326",Hong Kong 1980 Grid plotting polygon; simplification and any validity repair are recorded per file.,"Blank is unavailable/undefined, never implicitly zero; geometry must be present."
market/2011_lsbg_price_market.gpkg,lsbg,area code,Neighbourhood geometry join key; not a restaurant/person identifier. In DCCA files the historical lsbg field labels the DCCA unit.,"Blank is unavailable/undefined, never implicitly zero; geometry must be present."
market/2011_lsbg_price_market.gpkg,active_restaurant_n,outlets per area,Annual aggregated outlet count used to distinguish zero supply from unavailable SDI.,"Blank is unavailable/undefined, never implicitly zero; geometry must be present."
market/2011_lsbg_price_market.gpkg,low_price_share,"fraction, 0–1",Area share of outlets with recorded price ceiling ≤HK$100 among valid-price outlets; population-weighted where named.,"Blank is unavailable/undefined, never implicitly zero; geometry must be present."
market/2011_lsbg_price_market.gpkg,geometry,"metres, EPSG:2326",Hong Kong 1980 Grid plotting polygon; simplification and any validity repair are recorded per file.,"Blank is unavailable/undefined, never implicitly zero; geometry must be present."
area/2016_lsbg_price_market.gpkg,lsbg,area code,Neighbourhood geometry join key; not a restaurant/person identifier. In DCCA files the historical lsbg field labels the DCCA unit.,"Blank is unavailable/undefined, never implicitly zero; geometry must be present."
area/2016_lsbg_price_market.gpkg,restaurant_n,outlets per area,Annual aggregated outlet count used to distinguish zero supply from unavailable SDI.,"Blank is unavailable/undefined, never implicitly zero; geometry must be present."
area/2016_lsbg_price_market.gpkg,sdi_equal_arithmetic,"score, 0–1",Frozen area/component SDI score; larger values correspond to the study scoring direction. Practice is an undated snapshot. Price is outside SDI.,"Blank is unavailable/undefined, never implicitly zero; geometry must be present."
area/2016_lsbg_price_market.gpkg,geometry,"metres, EPSG:2326",Hong Kong 1980 Grid plotting polygon; simplification and any validity repair are recorded per file.,"Blank is unavailable/undefined, never implicitly zero; geometry must be present."
area/2016_lsbg_components.csv,lsbg,area code,Neighbourhood geometry join key; not a restaurant/person identifier. In DCCA files the historical lsbg field labels the DCCA unit.,"Blank is unavailable/undefined, never implicitly zero; geometry must be present."
area/2016_lsbg_components.csv,restaurant_n,outlets per area,Annual aggregated outlet count used to distinguish zero supply from unavailable SDI.,"Blank is unavailable/undefined, never implicitly zero; geometry must be present."
area/2016_lsbg_components.csv,nutrition_score,"score, 0–1",Frozen area/component SDI score; larger values correspond to the study scoring direction. Practice is an undated snapshot. Price is outside SDI.,"Blank is unavailable/undefined, never implicitly zero; geometry must be present."
area/2016_lsbg_components.csv,carbon_score,"score, 0–1",Frozen area/component SDI score; larger values correspond to the study scoring direction. Practice is an undated snapshot. Price is outside SDI.,"Blank is unavailable/undefined, never implicitly zero; geometry must be present."
area/2016_lsbg_components.csv,diversity_score,"score, 0–1",Frozen area/component SDI score; larger values correspond to the study scoring direction. Practice is an undated snapshot. Price is outside SDI.,"Blank is unavailable/undefined, never implicitly zero; geometry must be present."
area/2016_lsbg_components.csv,sustainability_score,"score, 0–1",Frozen area/component SDI score; larger values correspond to the study scoring direction. Practice is an undated snapshot. Price is outside SDI.,"Blank is unavailable/undefined, never implicitly zero; geometry must be present."
area/2016_lsbg_components.csv,hygiene_score,"score, 0–1",Frozen area/component SDI score; larger values correspond to the study scoring direction. Practice is an undated snapshot. Price is outside SDI.,"Blank is unavailable/undefined, never implicitly zero; geometry must be present."
area/2016_lsbg_components.csv,practice_score,"score, 0–1",Frozen area/component SDI score; larger values correspond to the study scoring direction. Practice is an undated snapshot. Price is outside SDI.,"Blank is unavailable/undefined, never implicitly zero; geometry must be present."
atlas/2016_lsbg_components.gpkg,lsbg,area code,Neighbourhood geometry join key; not a restaurant/person identifier. In DCCA files the historical lsbg field labels the DCCA unit.,"Blank is unavailable/undefined, never implicitly zero; geometry must be present."
atlas/2016_lsbg_components.gpkg,geometry,"metres, EPSG:2326",Hong Kong 1980 Grid plotting polygon; simplification and any validity repair are recorded per file.,"Blank is unavailable/undefined, never implicitly zero; geometry must be present."
market/2016_lsbg_price_market.gpkg,lsbg,area code,Neighbourhood geometry join key; not a restaurant/person identifier. In DCCA files the historical lsbg field labels the DCCA unit.,"Blank is unavailable/undefined, never implicitly zero; geometry must be present."
market/2016_lsbg_price_market.gpkg,active_restaurant_n,outlets per area,Annual aggregated outlet count used to distinguish zero supply from unavailable SDI.,"Blank is unavailable/undefined, never implicitly zero; geometry must be present."
market/2016_lsbg_price_market.gpkg,low_price_share,"fraction, 0–1",Area share of outlets with recorded price ceiling ≤HK$100 among valid-price outlets; population-weighted where named.,"Blank is unavailable/undefined, never implicitly zero; geometry must be present."
market/2016_lsbg_price_market.gpkg,geometry,"metres, EPSG:2326",Hong Kong 1980 Grid plotting polygon; simplification and any validity repair are recorded per file.,"Blank is unavailable/undefined, never implicitly zero; geometry must be present."
area/2021_lsbg_price_market.gpkg,lsbg,area code,Neighbourhood geometry join key; not a restaurant/person identifier. In DCCA files the historical lsbg field labels the DCCA unit.,"Blank is unavailable/undefined, never implicitly zero; geometry must be present."
area/2021_lsbg_price_market.gpkg,restaurant_n,outlets per area,Annual aggregated outlet count used to distinguish zero supply from unavailable SDI.,"Blank is unavailable/undefined, never implicitly zero; geometry must be present."
area/2021_lsbg_price_market.gpkg,sdi_equal_arithmetic,"score, 0–1",Frozen area/component SDI score; larger values correspond to the study scoring direction. Practice is an undated snapshot. Price is outside SDI.,"Blank is unavailable/undefined, never implicitly zero; geometry must be present."
area/2021_lsbg_price_market.gpkg,geometry,"metres, EPSG:2326",Hong Kong 1980 Grid plotting polygon; simplification and any validity repair are recorded per file.,"Blank is unavailable/undefined, never implicitly zero; geometry must be present."
area/2021_lsbg_components.csv,lsbg,area code,Neighbourhood geometry join key; not a restaurant/person identifier. In DCCA files the historical lsbg field labels the DCCA unit.,"Blank is unavailable/undefined, never implicitly zero; geometry must be present."
area/2021_lsbg_components.csv,restaurant_n,outlets per area,Annual aggregated outlet count used to distinguish zero supply from unavailable SDI.,"Blank is unavailable/undefined, never implicitly zero; geometry must be present."
area/2021_lsbg_components.csv,nutrition_score,"score, 0–1",Frozen area/component SDI score; larger values correspond to the study scoring direction. Practice is an undated snapshot. Price is outside SDI.,"Blank is unavailable/undefined, never implicitly zero; geometry must be present."
area/2021_lsbg_components.csv,carbon_score,"score, 0–1",Frozen area/component SDI score; larger values correspond to the study scoring direction. Practice is an undated snapshot. Price is outside SDI.,"Blank is unavailable/undefined, never implicitly zero; geometry must be present."
area/2021_lsbg_components.csv,diversity_score,"score, 0–1",Frozen area/component SDI score; larger values correspond to the study scoring direction. Practice is an undated snapshot. Price is outside SDI.,"Blank is unavailable/undefined, never implicitly zero; geometry must be present."
area/2021_lsbg_components.csv,sustainability_score,"score, 0–1",Frozen area/component SDI score; larger values correspond to the study scoring direction. Practice is an undated snapshot. Price is outside SDI.,"Blank is unavailable/undefined, never implicitly zero; geometry must be present."
area/2021_lsbg_components.csv,hygiene_score,"score, 0–1",Frozen area/component SDI score; larger values correspond to the study scoring direction. Practice is an undated snapshot. Price is outside SDI.,"Blank is unavailable/undefined, never implicitly zero; geometry must be present."
area/2021_lsbg_components.csv,practice_score,"score, 0–1",Frozen area/component SDI score; larger values correspond to the study scoring direction. Practice is an undated snapshot. Price is outside SDI.,"Blank is unavailable/undefined, never implicitly zero; geometry must be present."
atlas/2021_lsbg_components.gpkg,lsbg,area code,Neighbourhood geometry join key; not a restaurant/person identifier. In DCCA files the historical lsbg field labels the DCCA unit.,"Blank is unavailable/undefined, never implicitly zero; geometry must be present."
atlas/2021_lsbg_components.gpkg,geometry,"metres, EPSG:2326",Hong Kong 1980 Grid plotting polygon; simplification and any validity repair are recorded per file.,"Blank is unavailable/undefined, never implicitly zero; geometry must be present."
market/2021_lsbg_price_market.gpkg,lsbg,area code,Neighbourhood geometry join key; not a restaurant/person identifier. In DCCA files the historical lsbg field labels the DCCA unit.,"Blank is unavailable/undefined, never implicitly zero; geometry must be present."
market/2021_lsbg_price_market.gpkg,active_restaurant_n,outlets per area,Annual aggregated outlet count used to distinguish zero supply from unavailable SDI.,"Blank is unavailable/undefined, never implicitly zero; geometry must be present."
market/2021_lsbg_price_market.gpkg,low_price_share,"fraction, 0–1",Area share of outlets with recorded price ceiling ≤HK$100 among valid-price outlets; population-weighted where named.,"Blank is unavailable/undefined, never implicitly zero; geometry must be present."
market/2021_lsbg_price_market.gpkg,geometry,"metres, EPSG:2326",Hong Kong 1980 Grid plotting polygon; simplification and any validity repair are recorded per file.,"Blank is unavailable/undefined, never implicitly zero; geometry must be present."
area/2024_lsbg_price_market.gpkg,lsbg,area code,Neighbourhood geometry join key; not a restaurant/person identifier. In DCCA files the historical lsbg field labels the DCCA unit.,"Blank is unavailable/undefined, never implicitly zero; geometry must be present."
area/2024_lsbg_price_market.gpkg,restaurant_n,outlets per area,Annual aggregated outlet count used to distinguish zero supply from unavailable SDI.,"Blank is unavailable/undefined, never implicitly zero; geometry must be present."
area/2024_lsbg_price_market.gpkg,sdi_equal_arithmetic,"score, 0–1",Frozen area/component SDI score; larger values correspond to the study scoring direction. Practice is an undated snapshot. Price is outside SDI.,"Blank is unavailable/undefined, never implicitly zero; geometry must be present."
area/2024_lsbg_price_market.gpkg,geometry,"metres, EPSG:2326",Hong Kong 1980 Grid plotting polygon; simplification and any validity repair are recorded per file.,"Blank is unavailable/undefined, never implicitly zero; geometry must be present."
area/2024_lsbg_components.csv,lsbg,area code,Neighbourhood geometry join key; not a restaurant/person identifier. In DCCA files the historical lsbg field labels the DCCA unit.,"Blank is unavailable/undefined, never implicitly zero; geometry must be present."
area/2024_lsbg_components.csv,restaurant_n,outlets per area,Annual aggregated outlet count used to distinguish zero supply from unavailable SDI.,"Blank is unavailable/undefined, never implicitly zero; geometry must be present."
area/2024_lsbg_components.csv,nutrition_score,"score, 0–1",Frozen area/component SDI score; larger values correspond to the study scoring direction. Practice is an undated snapshot. Price is outside SDI.,"Blank is unavailable/undefined, never implicitly zero; geometry must be present."
area/2024_lsbg_components.csv,carbon_score,"score, 0–1",Frozen area/component SDI score; larger values correspond to the study scoring direction. Practice is an undated snapshot. Price is outside SDI.,"Blank is unavailable/undefined, never implicitly zero; geometry must be present."
area/2024_lsbg_components.csv,diversity_score,"score, 0–1",Frozen area/component SDI score; larger values correspond to the study scoring direction. Practice is an undated snapshot. Price is outside SDI.,"Blank is unavailable/undefined, never implicitly zero; geometry must be present."
area/2024_lsbg_components.csv,sustainability_score,"score, 0–1",Frozen area/component SDI score; larger values correspond to the study scoring direction. Practice is an undated snapshot. Price is outside SDI.,"Blank is unavailable/undefined, never implicitly zero; geometry must be present."
area/2024_lsbg_components.csv,hygiene_score,"score, 0–1",Frozen area/component SDI score; larger values correspond to the study scoring direction. Practice is an undated snapshot. Price is outside SDI.,"Blank is unavailable/undefined, never implicitly zero; geometry must be present."
area/2024_lsbg_components.csv,practice_score,"score, 0–1",Frozen area/component SDI score; larger values correspond to the study scoring direction. Practice is an undated snapshot. Price is outside SDI.,"Blank is unavailable/undefined, never implicitly zero; geometry must be present."
atlas/2024_lsbg_components.gpkg,lsbg,area code,Neighbourhood geometry join key; not a restaurant/person identifier. In DCCA files the historical lsbg field labels the DCCA unit.,"Blank is unavailable/undefined, never implicitly zero; geometry must be present."
atlas/2024_lsbg_components.gpkg,geometry,"metres, EPSG:2326",Hong Kong 1980 Grid plotting polygon; simplification and any validity repair are recorded per file.,"Blank is unavailable/undefined, never implicitly zero; geometry must be present."
market/2024_lsbg_price_market.gpkg,lsbg,area code,Neighbourhood geometry join key; not a restaurant/person identifier. In DCCA files the historical lsbg field labels the DCCA unit.,"Blank is unavailable/undefined, never implicitly zero; geometry must be present."
market/2024_lsbg_price_market.gpkg,active_restaurant_n,outlets per area,Annual aggregated outlet count used to distinguish zero supply from unavailable SDI.,"Blank is unavailable/undefined, never implicitly zero; geometry must be present."
market/2024_lsbg_price_market.gpkg,low_price_share,"fraction, 0–1",Area share of outlets with recorded price ceiling ≤HK$100 among valid-price outlets; population-weighted where named.,"Blank is unavailable/undefined, never implicitly zero; geometry must be present."
market/2024_lsbg_price_market.gpkg,geometry,"metres, EPSG:2326",Hong Kong 1980 Grid plotting polygon; simplification and any validity repair are recorded per file.,"Blank is unavailable/undefined, never implicitly zero; geometry must be present."
temporal/annual_block_bootstrap_intervals.csv,year,calendar year,Restaurant-evidence or comparison year as named; not a network year unless explicitly a walking result.,"Blank is unavailable/undefined, never implicitly zero; geometry must be present."
temporal/annual_block_bootstrap_intervals.csv,metric,categorical label,"Frozen estimand, group, model, field-name, scenario or provenance label. These are aggregate labels, not record-level data.","Blank is unavailable/undefined, never implicitly zero; geometry must be present."
temporal/annual_block_bootstrap_intervals.csv,metric_label,categorical label,"Frozen estimand, group, model, field-name, scenario or provenance label. These are aggregate labels, not record-level data.","Blank is unavailable/undefined, never implicitly zero; geometry must be present."
temporal/annual_block_bootstrap_intervals.csv,population_weighted_mean,metric-dependent,"Frozen estimate/mean or interval in the metric column units: SDI score, opportunity count, proportion, inequality index or ratio. Nutrition-omission differences are fractions, not percentage points.","Blank is unavailable/undefined, never implicitly zero; geometry must be present."
temporal/annual_block_bootstrap_intervals.csv,ci_low,see metric/predictor context,For regression files: standardised coefficient/standard error/95% DCCA-clustered interval. For other files: same units as the named metric; proportions stay 0–1.,"Blank is unavailable/undefined, never implicitly zero; geometry must be present."
temporal/annual_block_bootstrap_intervals.csv,ci_high,see metric/predictor context,For regression files: standardised coefficient/standard error/95% DCCA-clustered interval. For other files: same units as the named metric; proportions stay 0–1.,"Blank is unavailable/undefined, never implicitly zero; geometry must be present."
temporal/annual_block_bootstrap_intervals.csv,valid_lsbg_n,area count,Observed/valid/qualifying spatial-unit or cluster count as named; no source-record identifiers.,"Blank is unavailable/undefined, never implicitly zero; geometry must be present."
temporal/annual_block_bootstrap_intervals.csv,valid_population,persons,"Aggregated population weight, denominator or reached-population total as named; these can be fractional weights.","Blank is unavailable/undefined, never implicitly zero; geometry must be present."
temporal/annual_block_bootstrap_intervals.csv,dcca_block_n,area count,Observed/valid/qualifying spatial-unit or cluster count as named; no source-record identifiers.,"Blank is unavailable/undefined, never implicitly zero; geometry must be present."
temporal/annual_block_bootstrap_intervals.csv,bootstrap_replicates,replicate count,Count of archived DCCA-block resamples or paired valid resamples; individual replicates are not published.,"Blank is unavailable/undefined, never implicitly zero; geometry must be present."
temporal/change_from_2011_intervals.csv,reference_year,calendar year,Restaurant-evidence or comparison year as named; not a network year unless explicitly a walking result.,"Blank is unavailable/undefined, never implicitly zero; geometry must be present."
temporal/change_from_2011_intervals.csv,year,calendar year,Restaurant-evidence or comparison year as named; not a network year unless explicitly a walking result.,"Blank is unavailable/undefined, never implicitly zero; geometry must be present."
temporal/change_from_2011_intervals.csv,metric,categorical label,"Frozen estimand, group, model, field-name, scenario or provenance label. These are aggregate labels, not record-level data.","Blank is unavailable/undefined, never implicitly zero; geometry must be present."
temporal/change_from_2011_intervals.csv,metric_label,categorical label,"Frozen estimand, group, model, field-name, scenario or provenance label. These are aggregate labels, not record-level data.","Blank is unavailable/undefined, never implicitly zero; geometry must be present."
temporal/change_from_2011_intervals.csv,difference,component score or SDI score units,"Focal minus reference component mean, or year minus reference-year SDI/component change, according to the file/metric.","Blank is unavailable/undefined, never implicitly zero; geometry must be present."
temporal/change_from_2011_intervals.csv,ci_low,see metric/predictor context,For regression files: standardised coefficient/standard error/95% DCCA-clustered interval. For other files: same units as the named metric; proportions stay 0–1.,"Blank is unavailable/undefined, never implicitly zero; geometry must be present."
temporal/change_from_2011_intervals.csv,ci_high,see metric/predictor context,For regression files: standardised coefficient/standard error/95% DCCA-clustered interval. For other files: same units as the named metric; proportions stay 0–1.,"Blank is unavailable/undefined, never implicitly zero; geometry must be present."
temporal/change_from_2011_intervals.csv,bootstrap_replicates,replicate count,Count of archived DCCA-block resamples or paired valid resamples; individual replicates are not published.,"Blank is unavailable/undefined, never implicitly zero; geometry must be present."
temporal/metric_coverage_audit.csv,year,calendar year,Restaurant-evidence or comparison year as named; not a network year unless explicitly a walking result.,"Blank is unavailable/undefined, never implicitly zero; geometry must be present."
temporal/metric_coverage_audit.csv,metric,categorical label,"Frozen estimand, group, model, field-name, scenario or provenance label. These are aggregate labels, not record-level data.","Blank is unavailable/undefined, never implicitly zero; geometry must be present."
temporal/metric_coverage_audit.csv,metric_label,categorical label,"Frozen estimand, group, model, field-name, scenario or provenance label. These are aggregate labels, not record-level data.","Blank is unavailable/undefined, never implicitly zero; geometry must be present."
temporal/metric_coverage_audit.csv,valid_lsbg_n,area count,Observed/valid/qualifying spatial-unit or cluster count as named; no source-record identifiers.,"Blank is unavailable/undefined, never implicitly zero; geometry must be present."
temporal/metric_coverage_audit.csv,all_lsbg_n,area count,Observed/valid/qualifying spatial-unit or cluster count as named; no source-record identifiers.,"Blank is unavailable/undefined, never implicitly zero; geometry must be present."
temporal/metric_coverage_audit.csv,lsbg_coverage_share,"fraction, 0–1","Zero-opportunity/coverage/cumulative fraction, component weight or set Jaccard overlap as named; multiply by 100 only for a percentage display.","Blank is unavailable/undefined, never implicitly zero; geometry must be present."
temporal/metric_coverage_audit.csv,valid_population,persons,"Aggregated population weight, denominator or reached-population total as named; these can be fractional weights.","Blank is unavailable/undefined, never implicitly zero; geometry must be present."
temporal/metric_coverage_audit.csv,all_population,persons,"Aggregated population weight, denominator or reached-population total as named; these can be fractional weights.","Blank is unavailable/undefined, never implicitly zero; geometry must be present."
temporal/metric_coverage_audit.csv,population_coverage_share,"fraction, 0–1","Zero-opportunity/coverage/cumulative fraction, component weight or set Jaccard overlap as named; multiply by 100 only for a percentage display.","Blank is unavailable/undefined, never implicitly zero; geometry must be present."
temporal/metric_coverage_audit.csv,strict_valid_population,persons,"Aggregated population weight, denominator or reached-population total as named; these can be fractional weights.","Blank is unavailable/undefined, never implicitly zero; geometry must be present."
temporal/metric_coverage_audit.csv,population_share_of_strict_denominator,"fraction, 0–1","Zero-opportunity/coverage/cumulative fraction, component weight or set Jaccard overlap as named; multiply by 100 only for a percentage display.","Blank is unavailable/undefined, never implicitly zero; geometry must be present."
structure/sdi_inequality_block_intervals.csv,year,calendar year,Restaurant-evidence or comparison year as named; not a network year unless explicitly a walking result.,"Blank is unavailable/undefined, never implicitly zero; geometry must be present."
structure/sdi_inequality_block_intervals.csv,metric,categorical label,"Frozen estimand, group, model, field-name, scenario or provenance label. These are aggregate labels, not record-level data.","Blank is unavailable/undefined, never implicitly zero; geometry must be present."
structure/sdi_inequality_block_intervals.csv,estimate,metric-dependent,"Frozen estimate/mean or interval in the metric column units: SDI score, opportunity count, proportion, inequality index or ratio. Nutrition-omission differences are fractions, not percentage points.","Blank is unavailable/undefined, never implicitly zero; geometry must be present."
structure/sdi_inequality_block_intervals.csv,lower_95,metric-dependent,"Frozen estimate/mean or interval in the metric column units: SDI score, opportunity count, proportion, inequality index or ratio. Nutrition-omission differences are fractions, not percentage points.","Blank is unavailable/undefined, never implicitly zero; geometry must be present."
structure/sdi_inequality_block_intervals.csv,upper_95,metric-dependent,"Frozen estimate/mean or interval in the metric column units: SDI score, opportunity count, proportion, inequality index or ratio. Nutrition-omission differences are fractions, not percentage points.","Blank is unavailable/undefined, never implicitly zero; geometry must be present."
structure/sdi_inequality_block_intervals.csv,valid_replicates,replicate count,Count of archived DCCA-block resamples or paired valid resamples; individual replicates are not published.,"Blank is unavailable/undefined, never implicitly zero; geometry must be present."
structure/sdi_income_concentration_curves.csv,population_fraction,"fraction, 0–1","Zero-opportunity/coverage/cumulative fraction, component weight or set Jaccard overlap as named; multiply by 100 only for a percentage display.","Blank is unavailable/undefined, never implicitly zero; geometry must be present."
structure/sdi_income_concentration_curves.csv,cumulative_sdi_fraction,"fraction, 0–1","Zero-opportunity/coverage/cumulative fraction, component weight or set Jaccard overlap as named; multiply by 100 only for a percentage display.","Blank is unavailable/undefined, never implicitly zero; geometry must be present."
structure/sdi_income_concentration_curves.csv,year,calendar year,Restaurant-evidence or comparison year as named; not a network year unless explicitly a walking result.,"Blank is unavailable/undefined, never implicitly zero; geometry must be present."
structure/sdi_income_quintile_means.csv,year,calendar year,Restaurant-evidence or comparison year as named; not a network year unless explicitly a walking result.,"Blank is unavailable/undefined, never implicitly zero; geometry must be present."
structure/sdi_income_quintile_means.csv,income_quintile,integer 1–5,"Population-weighted household-income quintile, low to high.","Blank is unavailable/undefined, never implicitly zero; geometry must be present."
structure/sdi_income_quintile_means.csv,mean_sdi,"score, 0–1",Frozen area/component SDI score; larger values correspond to the study scoring direction. Practice is an undated snapshot. Price is outside SDI.,"Blank is unavailable/undefined, never implicitly zero; geometry must be present."
structure/component_income_concentration.csv,year,calendar year,Restaurant-evidence or comparison year as named; not a network year unless explicitly a walking result.,"Blank is unavailable/undefined, never implicitly zero; geometry must be present."
structure/component_income_concentration.csv,component,categorical label,"Frozen estimand, group, model, field-name, scenario or provenance label. These are aggregate labels, not record-level data.","Blank is unavailable/undefined, never implicitly zero; geometry must be present."
structure/component_income_concentration.csv,concentration_index,signed dimensionless index,Income concentration index; signs and comparator follow the frozen result table.,"Blank is unavailable/undefined, never implicitly zero; geometry must be present."
structure/component_income_concentration.csv,lsbg_n,area count,Observed/valid/qualifying spatial-unit or cluster count as named; no source-record identifiers.,"Blank is unavailable/undefined, never implicitly zero; geometry must be present."
structure/component_income_concentration.csv,population_analyzed,persons,"Aggregated population weight, denominator or reached-population total as named; these can be fractional weights.","Blank is unavailable/undefined, never implicitly zero; geometry must be present."
component_social/weighted_component_income_distributions.csv,year,calendar year,Restaurant-evidence or comparison year as named; not a network year unless explicitly a walking result.,"Blank is unavailable/undefined, never implicitly zero; geometry must be present."
component_social/weighted_component_income_distributions.csv,population_reference_year,calendar year,Census reference year; 2024 group comparisons use fixed 2021 composition.,"Blank is unavailable/undefined, never implicitly zero; geometry must be present."
component_social/weighted_component_income_distributions.csv,component,categorical label,"Frozen estimand, group, model, field-name, scenario or provenance label. These are aggregate labels, not record-level data.","Blank is unavailable/undefined, never implicitly zero; geometry must be present."
component_social/weighted_component_income_distributions.csv,component_column,categorical label,"Frozen estimand, group, model, field-name, scenario or provenance label. These are aggregate labels, not record-level data.","Blank is unavailable/undefined, never implicitly zero; geometry must be present."
component_social/weighted_component_income_distributions.csv,income_quintile,integer 1–5,"Population-weighted household-income quintile, low to high.","Blank is unavailable/undefined, never implicitly zero; geometry must be present."
component_social/weighted_component_income_distributions.csv,observed_lsbg_n,area count,Observed/valid/qualifying spatial-unit or cluster count as named; no source-record identifiers.,"Blank is unavailable/undefined, never implicitly zero; geometry must be present."
component_social/weighted_component_income_distributions.csv,population_observed,persons,"Aggregated population weight, denominator or reached-population total as named; these can be fractional weights.","Blank is unavailable/undefined, never implicitly zero; geometry must be present."
component_social/weighted_component_income_distributions.csv,q05,"component score, 0–1",Population-weighted component mean or 5th/25th/50th/75th/95th percentile; not confidence bounds.,"Blank is unavailable/undefined, never implicitly zero; geometry must be present."
component_social/weighted_component_income_distributions.csv,q25,"component score, 0–1",Population-weighted component mean or 5th/25th/50th/75th/95th percentile; not confidence bounds.,"Blank is unavailable/undefined, never implicitly zero; geometry must be present."
component_social/weighted_component_income_distributions.csv,median,"component score, 0–1",Population-weighted component mean or 5th/25th/50th/75th/95th percentile; not confidence bounds.,"Blank is unavailable/undefined, never implicitly zero; geometry must be present."
component_social/weighted_component_income_distributions.csv,q75,"component score, 0–1",Population-weighted component mean or 5th/25th/50th/75th/95th percentile; not confidence bounds.,"Blank is unavailable/undefined, never implicitly zero; geometry must be present."
component_social/weighted_component_income_distributions.csv,q95,"component score, 0–1",Population-weighted component mean or 5th/25th/50th/75th/95th percentile; not confidence bounds.,"Blank is unavailable/undefined, never implicitly zero; geometry must be present."
component_social/weighted_component_income_distributions.csv,weighted_mean,"component score, 0–1",Population-weighted component mean or 5th/25th/50th/75th/95th percentile; not confidence bounds.,"Blank is unavailable/undefined, never implicitly zero; geometry must be present."
component_social/component_domain_reference_contrasts_2024.csv,year,calendar year,Restaurant-evidence or comparison year as named; not a network year unless explicitly a walking result.,"Blank is unavailable/undefined, never implicitly zero; geometry must be present."
component_social/component_domain_reference_contrasts_2024.csv,population_reference_year,calendar year,Census reference year; 2024 group comparisons use fixed 2021 composition.,"Blank is unavailable/undefined, never implicitly zero; geometry must be present."
component_social/component_domain_reference_contrasts_2024.csv,domain,categorical label,"Frozen estimand, group, model, field-name, scenario or provenance label. These are aggregate labels, not record-level data.","Blank is unavailable/undefined, never implicitly zero; geometry must be present."
component_social/component_domain_reference_contrasts_2024.csv,focal_group,categorical label,"Frozen estimand, group, model, field-name, scenario or provenance label. These are aggregate labels, not record-level data.","Blank is unavailable/undefined, never implicitly zero; geometry must be present."
component_social/component_domain_reference_contrasts_2024.csv,reference_group,categorical label,"Frozen estimand, group, model, field-name, scenario or provenance label. These are aggregate labels, not record-level data.","Blank is unavailable/undefined, never implicitly zero; geometry must be present."
component_social/component_domain_reference_contrasts_2024.csv,contrast_label,categorical label,"Frozen estimand, group, model, field-name, scenario or provenance label. These are aggregate labels, not record-level data.","Blank is unavailable/undefined, never implicitly zero; geometry must be present."
component_social/component_domain_reference_contrasts_2024.csv,component,categorical label,"Frozen estimand, group, model, field-name, scenario or provenance label. These are aggregate labels, not record-level data.","Blank is unavailable/undefined, never implicitly zero; geometry must be present."
component_social/component_domain_reference_contrasts_2024.csv,focal_mean,"score, 0–1",Frozen area/component SDI score; larger values correspond to the study scoring direction. Practice is an undated snapshot. Price is outside SDI.,"Blank is unavailable/undefined, never implicitly zero; geometry must be present."
component_social/component_domain_reference_contrasts_2024.csv,reference_mean,"score, 0–1",Frozen area/component SDI score; larger values correspond to the study scoring direction. Practice is an undated snapshot. Price is outside SDI.,"Blank is unavailable/undefined, never implicitly zero; geometry must be present."
component_social/component_domain_reference_contrasts_2024.csv,difference,component score or SDI score units,"Focal minus reference component mean, or year minus reference-year SDI/component change, according to the file/metric.","Blank is unavailable/undefined, never implicitly zero; geometry must be present."
component_social/component_domain_group_means_2024.csv,restaurant_evidence_year,calendar year,Restaurant-evidence or comparison year as named; not a network year unless explicitly a walking result.,"Blank is unavailable/undefined, never implicitly zero; geometry must be present."
component_social/component_domain_group_means_2024.csv,population_reference_year,calendar year,Census reference year; 2024 group comparisons use fixed 2021 composition.,"Blank is unavailable/undefined, never implicitly zero; geometry must be present."
component_social/component_domain_group_means_2024.csv,domain,categorical label,"Frozen estimand, group, model, field-name, scenario or provenance label. These are aggregate labels, not record-level data.","Blank is unavailable/undefined, never implicitly zero; geometry must be present."
component_social/component_domain_group_means_2024.csv,group,categorical label,"Frozen estimand, group, model, field-name, scenario or provenance label. These are aggregate labels, not record-level data.","Blank is unavailable/undefined, never implicitly zero; geometry must be present."
component_social/component_domain_group_means_2024.csv,component,categorical label,"Frozen estimand, group, model, field-name, scenario or provenance label. These are aggregate labels, not record-level data.","Blank is unavailable/undefined, never implicitly zero; geometry must be present."
component_social/component_domain_group_means_2024.csv,source_weight_field,categorical label,"Frozen estimand, group, model, field-name, scenario or provenance label. These are aggregate labels, not record-level data.","Blank is unavailable/undefined, never implicitly zero; geometry must be present."
component_social/component_domain_group_means_2024.csv,weighted_component_mean,"score, 0–1",Frozen area/component SDI score; larger values correspond to the study scoring direction. Practice is an undated snapshot. Price is outside SDI.,"Blank is unavailable/undefined, never implicitly zero; geometry must be present."
component_social/component_domain_group_means_2024.csv,observed_group_weight,households for Household income; persons otherwise,"Aggregated census-group weight; household-income bands use domestic-household counts, other census groups use persons.","Blank is unavailable/undefined, never implicitly zero; geometry must be present."
component_social/component_domain_group_means_2024.csv,observed_lsbg_n,area count,Observed/valid/qualifying spatial-unit or cluster count as named; no source-record identifiers.,"Blank is unavailable/undefined, never implicitly zero; geometry must be present."
subgroups/joint_subgroup_point_estimates.csv,year,calendar year,Restaurant-evidence or comparison year as named; not a network year unless explicitly a walking result.,"Blank is unavailable/undefined, never implicitly zero; geometry must be present."
subgroups/joint_subgroup_point_estimates.csv,census_composition_year,calendar year,Census reference year; 2024 group comparisons use fixed 2021 composition.,"Blank is unavailable/undefined, never implicitly zero; geometry must be present."
subgroups/joint_subgroup_point_estimates.csv,temporal_status,categorical label,"Frozen estimand, group, model, field-name, scenario or provenance label. These are aggregate labels, not record-level data.","Blank is unavailable/undefined, never implicitly zero; geometry must be present."
subgroups/joint_subgroup_point_estimates.csv,domain,categorical label,"Frozen estimand, group, model, field-name, scenario or provenance label. These are aggregate labels, not record-level data.","Blank is unavailable/undefined, never implicitly zero; geometry must be present."
subgroups/joint_subgroup_point_estimates.csv,group,categorical label,"Frozen estimand, group, model, field-name, scenario or provenance label. These are aggregate labels, not record-level data.","Blank is unavailable/undefined, never implicitly zero; geometry must be present."
subgroups/joint_subgroup_point_estimates.csv,source_count_field,categorical label,"Frozen estimand, group, model, field-name, scenario or provenance label. These are aggregate labels, not record-level data.","Blank is unavailable/undefined, never implicitly zero; geometry must be present."
subgroups/joint_subgroup_point_estimates.csv,mean_joint_options,reachable outlets,15-min potential walking opportunity counts or means; joint access additionally applies recorded price ≤HK$100 and destination-area SDI ≥0.45.,"Blank is unavailable/undefined, never implicitly zero; geometry must be present."
subgroups/joint_subgroup_point_estimates.csv,zero_joint_access_share,"fraction, 0–1","Zero-opportunity/coverage/cumulative fraction, component weight or set Jaccard overlap as named; multiply by 100 only for a percentage display.","Blank is unavailable/undefined, never implicitly zero; geometry must be present."
subgroups/joint_subgroup_point_estimates.csv,group_denominator,households for Household income; persons otherwise,"Aggregated census-group weight; household-income bands use domestic-household counts, other census groups use persons.","Blank is unavailable/undefined, never implicitly zero; geometry must be present."
subgroups/joint_subgroup_dcca_block_intervals.csv,year,calendar year,Restaurant-evidence or comparison year as named; not a network year unless explicitly a walking result.,"Blank is unavailable/undefined, never implicitly zero; geometry must be present."
subgroups/joint_subgroup_dcca_block_intervals.csv,domain,categorical label,"Frozen estimand, group, model, field-name, scenario or provenance label. These are aggregate labels, not record-level data.","Blank is unavailable/undefined, never implicitly zero; geometry must be present."
subgroups/joint_subgroup_dcca_block_intervals.csv,group,categorical label,"Frozen estimand, group, model, field-name, scenario or provenance label. These are aggregate labels, not record-level data.","Blank is unavailable/undefined, never implicitly zero; geometry must be present."
subgroups/joint_subgroup_dcca_block_intervals.csv,metric,categorical label,"Frozen estimand, group, model, field-name, scenario or provenance label. These are aggregate labels, not record-level data.","Blank is unavailable/undefined, never implicitly zero; geometry must be present."
subgroups/joint_subgroup_dcca_block_intervals.csv,lower_95,metric-dependent,"Frozen estimate/mean or interval in the metric column units: SDI score, opportunity count, proportion, inequality index or ratio. Nutrition-omission differences are fractions, not percentage points.","Blank is unavailable/undefined, never implicitly zero; geometry must be present."
subgroups/joint_subgroup_dcca_block_intervals.csv,upper_95,metric-dependent,"Frozen estimate/mean or interval in the metric column units: SDI score, opportunity count, proportion, inequality index or ratio. Nutrition-omission differences are fractions, not percentage points.","Blank is unavailable/undefined, never implicitly zero; geometry must be present."
subgroups/joint_subgroup_dcca_block_intervals.csv,valid_replicate_n,replicate count,Count of archived DCCA-block resamples or paired valid resamples; individual replicates are not published.,"Blank is unavailable/undefined, never implicitly zero; geometry must be present."
contrasts/within_year_contrasts.csv,year,calendar year,Restaurant-evidence or comparison year as named; not a network year unless explicitly a walking result.,"Blank is unavailable/undefined, never implicitly zero; geometry must be present."
contrasts/within_year_contrasts.csv,domain,categorical label,"Frozen estimand, group, model, field-name, scenario or provenance label. These are aggregate labels, not record-level data.","Blank is unavailable/undefined, never implicitly zero; geometry must be present."
contrasts/within_year_contrasts.csv,reference_group,categorical label,"Frozen estimand, group, model, field-name, scenario or provenance label. These are aggregate labels, not record-level data.","Blank is unavailable/undefined, never implicitly zero; geometry must be present."
contrasts/within_year_contrasts.csv,comparison_group,categorical label,"Frozen estimand, group, model, field-name, scenario or provenance label. These are aggregate labels, not record-level data.","Blank is unavailable/undefined, never implicitly zero; geometry must be present."
contrasts/within_year_contrasts.csv,difference_percentage_points,percentage points,Comparison minus reference in zero joint opportunity and its paired 95% DCCA-block interval; already scaled by 100.,"Blank is unavailable/undefined, never implicitly zero; geometry must be present."
contrasts/within_year_contrasts.csv,lower_95_percentage_points,percentage points,Comparison minus reference in zero joint opportunity and its paired 95% DCCA-block interval; already scaled by 100.,"Blank is unavailable/undefined, never implicitly zero; geometry must be present."
contrasts/within_year_contrasts.csv,upper_95_percentage_points,percentage points,Comparison minus reference in zero joint opportunity and its paired 95% DCCA-block interval; already scaled by 100.,"Blank is unavailable/undefined, never implicitly zero; geometry must be present."
contrasts/within_year_contrasts.csv,p_two_sided,"probability, 0–1",Archived p or BH-adjusted q; q correction is within domain/year. Blank q for a reference row is not zero.,"Blank is unavailable/undefined, never implicitly zero; geometry must be present."
contrasts/within_year_contrasts.csv,paired_replicates,replicate count,Count of archived DCCA-block resamples or paired valid resamples; individual replicates are not published.,"Blank is unavailable/undefined, never implicitly zero; geometry must be present."
contrasts/within_year_contrasts.csv,q_bh_within_domain_year,"probability, 0–1",Archived p or BH-adjusted q; q correction is within domain/year. Blank q for a reference row is not zero.,"Blank is unavailable/undefined, never implicitly zero; geometry must be present."
sensitivity/weight_schemes.csv,scheme,categorical label,"Frozen estimand, group, model, field-name, scenario or provenance label. These are aggregate labels, not record-level data.","Blank is unavailable/undefined, never implicitly zero; geometry must be present."
sensitivity/weight_schemes.csv,component,categorical label,"Frozen estimand, group, model, field-name, scenario or provenance label. These are aggregate labels, not record-level data.","Blank is unavailable/undefined, never implicitly zero; geometry must be present."
sensitivity/weight_schemes.csv,weight,"fraction, 0–1","Zero-opportunity/coverage/cumulative fraction, component weight or set Jaccard overlap as named; multiply by 100 only for a percentage display.","Blank is unavailable/undefined, never implicitly zero; geometry must be present."
sensitivity/weight_schemes.csv,component_label,categorical label,"Frozen estimand, group, model, field-name, scenario or provenance label. These are aggregate labels, not record-level data.","Blank is unavailable/undefined, never implicitly zero; geometry must be present."
sensitivity/variant_agreement.csv,year,calendar year,Restaurant-evidence or comparison year as named; not a network year unless explicitly a walking result.,"Blank is unavailable/undefined, never implicitly zero; geometry must be present."
sensitivity/variant_agreement.csv,scale,categorical label,"Frozen estimand, group, model, field-name, scenario or provenance label. These are aggregate labels, not record-level data.","Blank is unavailable/undefined, never implicitly zero; geometry must be present."
sensitivity/variant_agreement.csv,variant,categorical label,"Frozen estimand, group, model, field-name, scenario or provenance label. These are aggregate labels, not record-level data.","Blank is unavailable/undefined, never implicitly zero; geometry must be present."
sensitivity/variant_agreement.csv,spearman_vs_equal,correlation coefficient,Cross-scale or weighting-variant agreement as named; no new estimation occurs in the display runner.,"Blank is unavailable/undefined, never implicitly zero; geometry must be present."
sensitivity/variant_agreement.csv,pearson_vs_equal,correlation coefficient,Cross-scale or weighting-variant agreement as named; no new estimation occurs in the display runner.,"Blank is unavailable/undefined, never implicitly zero; geometry must be present."
sensitivity/variant_agreement.csv,low_quintile_jaccard,"fraction, 0–1","Zero-opportunity/coverage/cumulative fraction, component weight or set Jaccard overlap as named; multiply by 100 only for a percentage display.","Blank is unavailable/undefined, never implicitly zero; geometry must be present."
sensitivity/variant_agreement.csv,high_quintile_jaccard,"fraction, 0–1","Zero-opportunity/coverage/cumulative fraction, component weight or set Jaccard overlap as named; multiply by 100 only for a percentage display.","Blank is unavailable/undefined, never implicitly zero; geometry must be present."
sensitivity/maup_agreement.csv,year,calendar year,Restaurant-evidence or comparison year as named; not a network year unless explicitly a walking result.,"Blank is unavailable/undefined, never implicitly zero; geometry must be present."
sensitivity/maup_agreement.csv,variant,categorical label,"Frozen estimand, group, model, field-name, scenario or provenance label. These are aggregate labels, not record-level data.","Blank is unavailable/undefined, never implicitly zero; geometry must be present."
sensitivity/maup_agreement.csv,dcca_n,area count,Observed/valid/qualifying spatial-unit or cluster count as named; no source-record identifiers.,"Blank is unavailable/undefined, never implicitly zero; geometry must be present."
sensitivity/maup_agreement.csv,pearson,correlation coefficient,Cross-scale or weighting-variant agreement as named; no new estimation occurs in the display runner.,"Blank is unavailable/undefined, never implicitly zero; geometry must be present."
sensitivity/maup_agreement.csv,spearman,correlation coefficient,Cross-scale or weighting-variant agreement as named; no new estimation occurs in the display runner.,"Blank is unavailable/undefined, never implicitly zero; geometry must be present."
sensitivity/maup_agreement.csv,mae,SDI score units,"Direct DCCA mean, LSBG-to-DCCA aggregated mean, or mean absolute error of paired scores.","Blank is unavailable/undefined, never implicitly zero; geometry must be present."
sensitivity/maup_agreement.csv,direct_population_weighted_mean,SDI score units,"Direct DCCA mean, LSBG-to-DCCA aggregated mean, or mean absolute error of paired scores.","Blank is unavailable/undefined, never implicitly zero; geometry must be present."
sensitivity/maup_agreement.csv,aggregated_population_weighted_mean,SDI score units,"Direct DCCA mean, LSBG-to-DCCA aggregated mean, or mean absolute error of paired scores.","Blank is unavailable/undefined, never implicitly zero; geometry must be present."
joint/joint_access_point_estimates.csv,year,calendar year,Restaurant-evidence or comparison year as named; not a network year unless explicitly a walking result.,"Blank is unavailable/undefined, never implicitly zero; geometry must be present."
joint/joint_access_point_estimates.csv,threshold_min,minutes,"Walking time threshold; audited network years are 2016, 2021 and 2024 only.","Blank is unavailable/undefined, never implicitly zero; geometry must be present."
joint/joint_access_point_estimates.csv,price_ceiling_hkd,HKD,Recorded restaurant price-ceiling screen; not household affordability or observed expenditure.,"Blank is unavailable/undefined, never implicitly zero; geometry must be present."
joint/joint_access_point_estimates.csv,destination_area_sdi_threshold,"SDI score, 0–1","Joint-opportunity qualification threshold; matched five-domain cutoff is year-specific, not a primary six-domain cutoff.","Blank is unavailable/undefined, never implicitly zero; geometry must be present."
joint/joint_access_point_estimates.csv,outcome,categorical label,"Frozen estimand, group, model, field-name, scenario or provenance label. These are aggregate labels, not record-level data.","Blank is unavailable/undefined, never implicitly zero; geometry must be present."
joint/joint_access_point_estimates.csv,population_weighted_mean,metric-dependent,"Frozen estimate/mean or interval in the metric column units: SDI score, opportunity count, proportion, inequality index or ratio. Nutrition-omission differences are fractions, not percentage points.","Blank is unavailable/undefined, never implicitly zero; geometry must be present."
joint/joint_access_point_estimates.csv,zero_access_population_share,"fraction, 0–1","Zero-opportunity/coverage/cumulative fraction, component weight or set Jaccard overlap as named; multiply by 100 only for a percentage display.","Blank is unavailable/undefined, never implicitly zero; geometry must be present."
joint/joint_access_point_estimates.csv,weighted_gini,dimensionless,Frozen weighted Gini/Theil inequality statistic or named income-group opportunity ratio; not a causal effect.,"Blank is unavailable/undefined, never implicitly zero; geometry must be present."
joint/joint_access_point_estimates.csv,concentration_index,signed dimensionless index,Income concentration index; signs and comparator follow the frozen result table.,"Blank is unavailable/undefined, never implicitly zero; geometry must be present."
joint/joint_access_point_estimates.csv,lsbg_n,area count,Observed/valid/qualifying spatial-unit or cluster count as named; no source-record identifiers.,"Blank is unavailable/undefined, never implicitly zero; geometry must be present."
joint/joint_access_point_estimates.csv,population_analyzed,persons,"Aggregated population weight, denominator or reached-population total as named; these can be fractional weights.","Blank is unavailable/undefined, never implicitly zero; geometry must be present."
joint/joint_access_dcca_block_intervals.csv,year,calendar year,Restaurant-evidence or comparison year as named; not a network year unless explicitly a walking result.,"Blank is unavailable/undefined, never implicitly zero; geometry must be present."
joint/joint_access_dcca_block_intervals.csv,outcome,categorical label,"Frozen estimand, group, model, field-name, scenario or provenance label. These are aggregate labels, not record-level data.","Blank is unavailable/undefined, never implicitly zero; geometry must be present."
joint/joint_access_dcca_block_intervals.csv,metric,categorical label,"Frozen estimand, group, model, field-name, scenario or provenance label. These are aggregate labels, not record-level data.","Blank is unavailable/undefined, never implicitly zero; geometry must be present."
joint/joint_access_dcca_block_intervals.csv,ci_low,see metric/predictor context,For regression files: standardised coefficient/standard error/95% DCCA-clustered interval. For other files: same units as the named metric; proportions stay 0–1.,"Blank is unavailable/undefined, never implicitly zero; geometry must be present."
joint/joint_access_dcca_block_intervals.csv,ci_high,see metric/predictor context,For regression files: standardised coefficient/standard error/95% DCCA-clustered interval. For other files: same units as the named metric; proportions stay 0–1.,"Blank is unavailable/undefined, never implicitly zero; geometry must be present."
joint/joint_access_dcca_block_intervals.csv,valid_replicates,replicate count,Count of archived DCCA-block resamples or paired valid resamples; individual replicates are not published.,"Blank is unavailable/undefined, never implicitly zero; geometry must be present."
joint/joint_access_dcca_block_intervals.csv,point_estimate,metric-dependent,"Frozen estimate/mean or interval in the metric column units: SDI score, opportunity count, proportion, inequality index or ratio. Nutrition-omission differences are fractions, not percentage points.","Blank is unavailable/undefined, never implicitly zero; geometry must be present."
nutrition_sensitivity/point_estimates.csv,year,calendar year,Restaurant-evidence or comparison year as named; not a network year unless explicitly a walking result.,"Blank is unavailable/undefined, never implicitly zero; geometry must be present."
nutrition_sensitivity/point_estimates.csv,outcome,categorical label,"Frozen estimand, group, model, field-name, scenario or provenance label. These are aggregate labels, not record-level data.","Blank is unavailable/undefined, never implicitly zero; geometry must be present."
nutrition_sensitivity/point_estimates.csv,population_weighted_mean,metric-dependent,"Frozen estimate/mean or interval in the metric column units: SDI score, opportunity count, proportion, inequality index or ratio. Nutrition-omission differences are fractions, not percentage points.","Blank is unavailable/undefined, never implicitly zero; geometry must be present."
nutrition_sensitivity/point_estimates.csv,zero_access_population_share,"fraction, 0–1","Zero-opportunity/coverage/cumulative fraction, component weight or set Jaccard overlap as named; multiply by 100 only for a percentage display.","Blank is unavailable/undefined, never implicitly zero; geometry must be present."
nutrition_sensitivity/point_estimates.csv,weighted_gini,dimensionless,Frozen weighted Gini/Theil inequality statistic or named income-group opportunity ratio; not a causal effect.,"Blank is unavailable/undefined, never implicitly zero; geometry must be present."
nutrition_sensitivity/point_estimates.csv,concentration_index,signed dimensionless index,Income concentration index; signs and comparator follow the frozen result table.,"Blank is unavailable/undefined, never implicitly zero; geometry must be present."
nutrition_sensitivity/point_estimates.csv,lsbg_n,area count,Observed/valid/qualifying spatial-unit or cluster count as named; no source-record identifiers.,"Blank is unavailable/undefined, never implicitly zero; geometry must be present."
nutrition_sensitivity/point_estimates.csv,population_analyzed,persons,"Aggregated population weight, denominator or reached-population total as named; these can be fractional weights.","Blank is unavailable/undefined, never implicitly zero; geometry must be present."
nutrition_sensitivity/paired_dcca_block_differences.csv,year,calendar year,Restaurant-evidence or comparison year as named; not a network year unless explicitly a walking result.,"Blank is unavailable/undefined, never implicitly zero; geometry must be present."
nutrition_sensitivity/paired_dcca_block_differences.csv,alternative,categorical label,"Frozen estimand, group, model, field-name, scenario or provenance label. These are aggregate labels, not record-level data.","Blank is unavailable/undefined, never implicitly zero; geometry must be present."
nutrition_sensitivity/paired_dcca_block_differences.csv,metric,categorical label,"Frozen estimand, group, model, field-name, scenario or provenance label. These are aggregate labels, not record-level data.","Blank is unavailable/undefined, never implicitly zero; geometry must be present."
nutrition_sensitivity/paired_dcca_block_differences.csv,difference_lower_95,metric-dependent,"Frozen estimate/mean or interval in the metric column units: SDI score, opportunity count, proportion, inequality index or ratio. Nutrition-omission differences are fractions, not percentage points.","Blank is unavailable/undefined, never implicitly zero; geometry must be present."
nutrition_sensitivity/paired_dcca_block_differences.csv,difference_upper_95,metric-dependent,"Frozen estimate/mean or interval in the metric column units: SDI score, opportunity count, proportion, inequality index or ratio. Nutrition-omission differences are fractions, not percentage points.","Blank is unavailable/undefined, never implicitly zero; geometry must be present."
nutrition_sensitivity/paired_dcca_block_differences.csv,bootstrap_repetitions,replicate count,Count of archived DCCA-block resamples or paired valid resamples; individual replicates are not published.,"Blank is unavailable/undefined, never implicitly zero; geometry must be present."
nutrition_sensitivity/paired_dcca_block_differences.csv,dcca_blocks,area count,Observed/valid/qualifying spatial-unit or cluster count as named; no source-record identifiers.,"Blank is unavailable/undefined, never implicitly zero; geometry must be present."
nutrition_sensitivity/threshold_equating.csv,year,calendar year,Restaurant-evidence or comparison year as named; not a network year unless explicitly a walking result.,"Blank is unavailable/undefined, never implicitly zero; geometry must be present."
nutrition_sensitivity/threshold_equating.csv,six_cutoff,"SDI score, 0–1","Joint-opportunity qualification threshold; matched five-domain cutoff is year-specific, not a primary six-domain cutoff.","Blank is unavailable/undefined, never implicitly zero; geometry must be present."
nutrition_sensitivity/threshold_equating.csv,five_fixed_cutoff,"SDI score, 0–1","Joint-opportunity qualification threshold; matched five-domain cutoff is year-specific, not a primary six-domain cutoff.","Blank is unavailable/undefined, never implicitly zero; geometry must be present."
nutrition_sensitivity/threshold_equating.csv,five_matched_cutoff,"SDI score, 0–1","Joint-opportunity qualification threshold; matched five-domain cutoff is year-specific, not a primary six-domain cutoff.","Blank is unavailable/undefined, never implicitly zero; geometry must be present."
nutrition_sensitivity/threshold_equating.csv,complete_destination_areas,area count,Observed/valid/qualifying spatial-unit or cluster count as named; no source-record identifiers.,"Blank is unavailable/undefined, never implicitly zero; geometry must be present."
nutrition_sensitivity/threshold_equating.csv,six_qualifying_areas,area count,Observed/valid/qualifying spatial-unit or cluster count as named; no source-record identifiers.,"Blank is unavailable/undefined, never implicitly zero; geometry must be present."
nutrition_sensitivity/threshold_equating.csv,five_fixed_qualifying_areas,area count,Observed/valid/qualifying spatial-unit or cluster count as named; no source-record identifiers.,"Blank is unavailable/undefined, never implicitly zero; geometry must be present."
nutrition_sensitivity/threshold_equating.csv,five_matched_qualifying_areas,area count,Observed/valid/qualifying spatial-unit or cluster count as named; no source-record identifiers.,"Blank is unavailable/undefined, never implicitly zero; geometry must be present."
variant_inequality/sdi_variant_income_inequality_intervals.csv,year,calendar year,Restaurant-evidence or comparison year as named; not a network year unless explicitly a walking result.,"Blank is unavailable/undefined, never implicitly zero; geometry must be present."
variant_inequality/sdi_variant_income_inequality_intervals.csv,variant,categorical label,"Frozen estimand, group, model, field-name, scenario or provenance label. These are aggregate labels, not record-level data.","Blank is unavailable/undefined, never implicitly zero; geometry must be present."
variant_inequality/sdi_variant_income_inequality_intervals.csv,variant_field,categorical label,"Frozen estimand, group, model, field-name, scenario or provenance label. These are aggregate labels, not record-level data.","Blank is unavailable/undefined, never implicitly zero; geometry must be present."
variant_inequality/sdi_variant_income_inequality_intervals.csv,metric,categorical label,"Frozen estimand, group, model, field-name, scenario or provenance label. These are aggregate labels, not record-level data.","Blank is unavailable/undefined, never implicitly zero; geometry must be present."
variant_inequality/sdi_variant_income_inequality_intervals.csv,estimate,metric-dependent,"Frozen estimate/mean or interval in the metric column units: SDI score, opportunity count, proportion, inequality index or ratio. Nutrition-omission differences are fractions, not percentage points.","Blank is unavailable/undefined, never implicitly zero; geometry must be present."
variant_inequality/sdi_variant_income_inequality_intervals.csv,lower_95,metric-dependent,"Frozen estimate/mean or interval in the metric column units: SDI score, opportunity count, proportion, inequality index or ratio. Nutrition-omission differences are fractions, not percentage points.","Blank is unavailable/undefined, never implicitly zero; geometry must be present."
variant_inequality/sdi_variant_income_inequality_intervals.csv,upper_95,metric-dependent,"Frozen estimate/mean or interval in the metric column units: SDI score, opportunity count, proportion, inequality index or ratio. Nutrition-omission differences are fractions, not percentage points.","Blank is unavailable/undefined, never implicitly zero; geometry must be present."
variant_inequality/sdi_variant_income_inequality_intervals.csv,lsbg_n,area count,Observed/valid/qualifying spatial-unit or cluster count as named; no source-record identifiers.,"Blank is unavailable/undefined, never implicitly zero; geometry must be present."
variant_inequality/sdi_variant_income_inequality_intervals.csv,population_analyzed,persons,"Aggregated population weight, denominator or reached-population total as named; these can be fractional weights.","Blank is unavailable/undefined, never implicitly zero; geometry must be present."
variant_inequality/sdi_variant_income_inequality_intervals.csv,dcca_blocks,area count,Observed/valid/qualifying spatial-unit or cluster count as named; no source-record identifiers.,"Blank is unavailable/undefined, never implicitly zero; geometry must be present."
variant_inequality/sdi_variant_income_inequality_intervals.csv,valid_replicates,replicate count,Count of archived DCCA-block resamples or paired valid resamples; individual replicates are not published.,"Blank is unavailable/undefined, never implicitly zero; geometry must be present."
joint/2016_joint_access_geometry.gpkg,lsbg_id,area code,Neighbourhood geometry join key; not a restaurant/person identifier. In DCCA files the historical lsbg field labels the DCCA unit.,"Blank is unavailable/undefined, never implicitly zero; geometry must be present."
joint/2016_joint_access_geometry.gpkg,network_available,boolean,Whether an audited origin network was usable; unavailable states remain distinct from true zero counts.,"Blank is unavailable/undefined, never implicitly zero; geometry must be present."
joint/2016_joint_access_geometry.gpkg,low_price_access,reachable outlets,15-min potential walking opportunity counts or means; joint access additionally applies recorded price ≤HK$100 and destination-area SDI ≥0.45.,"Blank is unavailable/undefined, never implicitly zero; geometry must be present."
joint/2016_joint_access_geometry.gpkg,joint_access,reachable outlets,15-min potential walking opportunity counts or means; joint access additionally applies recorded price ≤HK$100 and destination-area SDI ≥0.45.,"Blank is unavailable/undefined, never implicitly zero; geometry must be present."
joint/2016_joint_access_geometry.gpkg,geometry,"metres, EPSG:2326",Hong Kong 1980 Grid plotting polygon; simplification and any validity repair are recorded per file.,"Blank is unavailable/undefined, never implicitly zero; geometry must be present."
joint/2021_joint_access_geometry.gpkg,lsbg_id,area code,Neighbourhood geometry join key; not a restaurant/person identifier. In DCCA files the historical lsbg field labels the DCCA unit.,"Blank is unavailable/undefined, never implicitly zero; geometry must be present."
joint/2021_joint_access_geometry.gpkg,network_available,boolean,Whether an audited origin network was usable; unavailable states remain distinct from true zero counts.,"Blank is unavailable/undefined, never implicitly zero; geometry must be present."
joint/2021_joint_access_geometry.gpkg,low_price_access,reachable outlets,15-min potential walking opportunity counts or means; joint access additionally applies recorded price ≤HK$100 and destination-area SDI ≥0.45.,"Blank is unavailable/undefined, never implicitly zero; geometry must be present."
joint/2021_joint_access_geometry.gpkg,joint_access,reachable outlets,15-min potential walking opportunity counts or means; joint access additionally applies recorded price ≤HK$100 and destination-area SDI ≥0.45.,"Blank is unavailable/undefined, never implicitly zero; geometry must be present."
joint/2021_joint_access_geometry.gpkg,geometry,"metres, EPSG:2326",Hong Kong 1980 Grid plotting polygon; simplification and any validity repair are recorded per file.,"Blank is unavailable/undefined, never implicitly zero; geometry must be present."
joint/2024_joint_access_geometry.gpkg,lsbg_id,area code,Neighbourhood geometry join key; not a restaurant/person identifier. In DCCA files the historical lsbg field labels the DCCA unit.,"Blank is unavailable/undefined, never implicitly zero; geometry must be present."
joint/2024_joint_access_geometry.gpkg,network_available,boolean,Whether an audited origin network was usable; unavailable states remain distinct from true zero counts.,"Blank is unavailable/undefined, never implicitly zero; geometry must be present."
joint/2024_joint_access_geometry.gpkg,low_price_access,reachable outlets,15-min potential walking opportunity counts or means; joint access additionally applies recorded price ≤HK$100 and destination-area SDI ≥0.45.,"Blank is unavailable/undefined, never implicitly zero; geometry must be present."
joint/2024_joint_access_geometry.gpkg,joint_access,reachable outlets,15-min potential walking opportunity counts or means; joint access additionally applies recorded price ≤HK$100 and destination-area SDI ≥0.45.,"Blank is unavailable/undefined, never implicitly zero; geometry must be present."
joint/2024_joint_access_geometry.gpkg,geometry,"metres, EPSG:2326",Hong Kong 1980 Grid plotting polygon; simplification and any validity repair are recorded per file.,"Blank is unavailable/undefined, never implicitly zero; geometry must be present."
joint/lsbg_joint_quality_affordable_access.csv,year,calendar year,Restaurant-evidence or comparison year as named; not a network year unless explicitly a walking result.,"Blank is unavailable/undefined, never implicitly zero; geometry must be present."
joint/lsbg_joint_quality_affordable_access.csv,lsbg_id,area code,Neighbourhood geometry join key; not a restaurant/person identifier. In DCCA files the historical lsbg field labels the DCCA unit.,"Blank is unavailable/undefined, never implicitly zero; geometry must be present."
joint/lsbg_joint_quality_affordable_access.csv,network_available,boolean,Whether an audited origin network was usable; unavailable states remain distinct from true zero counts.,"Blank is unavailable/undefined, never implicitly zero; geometry must be present."
joint/lsbg_joint_quality_affordable_access.csv,ma_hh,HKD/month,"Census median monthly household income of the area, used to draw population-weighted income distributions; not household microdata.","Blank is unavailable/undefined, never implicitly zero; geometry must be present."
joint/lsbg_joint_quality_affordable_access.csv,t_pop,persons,"Aggregated population weight, denominator or reached-population total as named; these can be fractional weights.","Blank is unavailable/undefined, never implicitly zero; geometry must be present."
joint/lsbg_joint_quality_affordable_access.csv,low_price_access,reachable outlets,15-min potential walking opportunity counts or means; joint access additionally applies recorded price ≤HK$100 and destination-area SDI ≥0.45.,"Blank is unavailable/undefined, never implicitly zero; geometry must be present."
joint/lsbg_joint_quality_affordable_access.csv,joint_access,reachable outlets,15-min potential walking opportunity counts or means; joint access additionally applies recorded price ≤HK$100 and destination-area SDI ≥0.45.,"Blank is unavailable/undefined, never implicitly zero; geometry must be present."
network/network_price_inequality_point_estimates.csv,year,calendar year,Restaurant-evidence or comparison year as named; not a network year unless explicitly a walking result.,"Blank is unavailable/undefined, never implicitly zero; geometry must be present."
network/network_price_inequality_point_estimates.csv,threshold_min,minutes,"Walking time threshold; audited network years are 2016, 2021 and 2024 only.","Blank is unavailable/undefined, never implicitly zero; geometry must be present."
network/network_price_inequality_point_estimates.csv,outcome,categorical label,"Frozen estimand, group, model, field-name, scenario or provenance label. These are aggregate labels, not record-level data.","Blank is unavailable/undefined, never implicitly zero; geometry must be present."
network/network_price_inequality_point_estimates.csv,lsbg_n,area count,Observed/valid/qualifying spatial-unit or cluster count as named; no source-record identifiers.,"Blank is unavailable/undefined, never implicitly zero; geometry must be present."
network/network_price_inequality_point_estimates.csv,population_analyzed,persons,"Aggregated population weight, denominator or reached-population total as named; these can be fractional weights.","Blank is unavailable/undefined, never implicitly zero; geometry must be present."
network/network_price_inequality_point_estimates.csv,population_weighted_mean,metric-dependent,"Frozen estimate/mean or interval in the metric column units: SDI score, opportunity count, proportion, inequality index or ratio. Nutrition-omission differences are fractions, not percentage points.","Blank is unavailable/undefined, never implicitly zero; geometry must be present."
network/network_price_inequality_point_estimates.csv,weighted_gini,dimensionless,Frozen weighted Gini/Theil inequality statistic or named income-group opportunity ratio; not a causal effect.,"Blank is unavailable/undefined, never implicitly zero; geometry must be present."
network/network_price_inequality_point_estimates.csv,theil_t,dimensionless,Frozen weighted Gini/Theil inequality statistic or named income-group opportunity ratio; not a causal effect.,"Blank is unavailable/undefined, never implicitly zero; geometry must be present."
network/network_price_inequality_point_estimates.csv,theil_l,dimensionless,Frozen weighted Gini/Theil inequality statistic or named income-group opportunity ratio; not a causal effect.,"Blank is unavailable/undefined, never implicitly zero; geometry must be present."
network/network_price_inequality_point_estimates.csv,zero_access_population_share,"fraction, 0–1","Zero-opportunity/coverage/cumulative fraction, component weight or set Jaccard overlap as named; multiply by 100 only for a percentage display.","Blank is unavailable/undefined, never implicitly zero; geometry must be present."
network/network_price_inequality_point_estimates.csv,bottom_access_quintile_mean,reachable outlets,Population-weighted walking-opportunity group mean or high-minus-low gap as named; counts are not area SDI.,"Blank is unavailable/undefined, never implicitly zero; geometry must be present."
network/network_price_inequality_point_estimates.csv,concentration_index,signed dimensionless index,Income concentration index; signs and comparator follow the frozen result table.,"Blank is unavailable/undefined, never implicitly zero; geometry must be present."
network/network_price_inequality_point_estimates.csv,income_quintile_low_mean,reachable outlets,Population-weighted walking-opportunity group mean or high-minus-low gap as named; counts are not area SDI.,"Blank is unavailable/undefined, never implicitly zero; geometry must be present."
network/network_price_inequality_point_estimates.csv,income_quintile_high_mean,reachable outlets,Population-weighted walking-opportunity group mean or high-minus-low gap as named; counts are not area SDI.,"Blank is unavailable/undefined, never implicitly zero; geometry must be present."
network/network_price_inequality_point_estimates.csv,income_quintile_absolute_gap,reachable outlets,Population-weighted walking-opportunity group mean or high-minus-low gap as named; counts are not area SDI.,"Blank is unavailable/undefined, never implicitly zero; geometry must be present."
network/network_price_inequality_point_estimates.csv,income_quintile_relative_ratio,dimensionless,Frozen weighted Gini/Theil inequality statistic or named income-group opportunity ratio; not a causal effect.,"Blank is unavailable/undefined, never implicitly zero; geometry must be present."
network/network_price_inequality_point_estimates.csv,income_bottom40_mean,reachable outlets,Population-weighted walking-opportunity group mean or high-minus-low gap as named; counts are not area SDI.,"Blank is unavailable/undefined, never implicitly zero; geometry must be present."
network/network_price_inequality_point_estimates.csv,income_top10_mean,reachable outlets,Population-weighted walking-opportunity group mean or high-minus-low gap as named; counts are not area SDI.,"Blank is unavailable/undefined, never implicitly zero; geometry must be present."
network/network_price_inequality_point_estimates.csv,palma_top10_bottom40_ratio,dimensionless,Frozen weighted Gini/Theil inequality statistic or named income-group opportunity ratio; not a causal effect.,"Blank is unavailable/undefined, never implicitly zero; geometry must be present."
network/network_price_inequality_intervals.csv,year,calendar year,Restaurant-evidence or comparison year as named; not a network year unless explicitly a walking result.,"Blank is unavailable/undefined, never implicitly zero; geometry must be present."
network/network_price_inequality_intervals.csv,threshold_min,minutes,"Walking time threshold; audited network years are 2016, 2021 and 2024 only.","Blank is unavailable/undefined, never implicitly zero; geometry must be present."
network/network_price_inequality_intervals.csv,outcome,categorical label,"Frozen estimand, group, model, field-name, scenario or provenance label. These are aggregate labels, not record-level data.","Blank is unavailable/undefined, never implicitly zero; geometry must be present."
network/network_price_inequality_intervals.csv,metric,categorical label,"Frozen estimand, group, model, field-name, scenario or provenance label. These are aggregate labels, not record-level data.","Blank is unavailable/undefined, never implicitly zero; geometry must be present."
network/network_price_inequality_intervals.csv,ci_low,see metric/predictor context,For regression files: standardised coefficient/standard error/95% DCCA-clustered interval. For other files: same units as the named metric; proportions stay 0–1.,"Blank is unavailable/undefined, never implicitly zero; geometry must be present."
network/network_price_inequality_intervals.csv,ci_high,see metric/predictor context,For regression files: standardised coefficient/standard error/95% DCCA-clustered interval. For other files: same units as the named metric; proportions stay 0–1.,"Blank is unavailable/undefined, never implicitly zero; geometry must be present."
network/network_price_inequality_intervals.csv,valid_replicate_n,replicate count,Count of archived DCCA-block resamples or paired valid resamples; individual replicates are not published.,"Blank is unavailable/undefined, never implicitly zero; geometry must be present."
market/price_market_summary.csv,year,calendar year,Restaurant-evidence or comparison year as named; not a network year unless explicitly a walking result.,"Blank is unavailable/undefined, never implicitly zero; geometry must be present."
market/price_market_summary.csv,population_weighted_low_price_share,"fraction, 0–1",Area share of outlets with recorded price ceiling ≤HK$100 among valid-price outlets; population-weighted where named.,"Blank is unavailable/undefined, never implicitly zero; geometry must be present."
market/price_market_summary.csv,population_weighted_low_price_per1000,"outlets per 1,000 residents",Population-weighted area supply rate; total or recorded-price ≤HK$100 as named.,"Blank is unavailable/undefined, never implicitly zero; geometry must be present."
market/price_market_summary.csv,population_weighted_total_supply_per1000,"outlets per 1,000 residents",Population-weighted area supply rate; total or recorded-price ≤HK$100 as named.,"Blank is unavailable/undefined, never implicitly zero; geometry must be present."
market/quality_market_decomposition.csv,year,calendar year,Restaurant-evidence or comparison year as named; not a network year unless explicitly a walking result.,"Blank is unavailable/undefined, never implicitly zero; geometry must be present."
market/quality_market_decomposition.csv,model,categorical label,"Frozen estimand, group, model, field-name, scenario or provenance label. These are aggregate labels, not record-level data.","Blank is unavailable/undefined, never implicitly zero; geometry must be present."
market/quality_market_decomposition.csv,predictor,categorical label,"Frozen estimand, group, model, field-name, scenario or provenance label. These are aggregate labels, not record-level data.","Blank is unavailable/undefined, never implicitly zero; geometry must be present."
market/quality_market_decomposition.csv,standardized_beta,see metric/predictor context,For regression files: standardised coefficient/standard error/95% DCCA-clustered interval. For other files: same units as the named metric; proportions stay 0–1.,"Blank is unavailable/undefined, never implicitly zero; geometry must be present."
market/quality_market_decomposition.csv,se_cluster_dcca,see metric/predictor context,For regression files: standardised coefficient/standard error/95% DCCA-clustered interval. For other files: same units as the named metric; proportions stay 0–1.,"Blank is unavailable/undefined, never implicitly zero; geometry must be present."
market/quality_market_decomposition.csv,ci_low,see metric/predictor context,For regression files: standardised coefficient/standard error/95% DCCA-clustered interval. For other files: same units as the named metric; proportions stay 0–1.,"Blank is unavailable/undefined, never implicitly zero; geometry must be present."
market/quality_market_decomposition.csv,ci_high,see metric/predictor context,For regression files: standardised coefficient/standard error/95% DCCA-clustered interval. For other files: same units as the named metric; proportions stay 0–1.,"Blank is unavailable/undefined, never implicitly zero; geometry must be present."
market/quality_market_decomposition.csv,p_value,"probability, 0–1",Archived p or BH-adjusted q; q correction is within domain/year. Blank q for a reference row is not zero.,"Blank is unavailable/undefined, never implicitly zero; geometry must be present."
market/quality_market_decomposition.csv,lsbg_n,area count,Observed/valid/qualifying spatial-unit or cluster count as named; no source-record identifiers.,"Blank is unavailable/undefined, never implicitly zero; geometry must be present."
market/quality_market_decomposition.csv,dcca_cluster_n,area count,Observed/valid/qualifying spatial-unit or cluster count as named; no source-record identifiers.,"Blank is unavailable/undefined, never implicitly zero; geometry must be present."
market/quality_market_decomposition.csv,weighted_r2,dimensionless,Archived weighted regression R-squared.,"Blank is unavailable/undefined, never implicitly zero; geometry must be present."
regression_comparison/income_models_six_and_five.csv,specification,categorical label,"Frozen estimand, group, model, field-name, scenario or provenance label. These are aggregate labels, not record-level data.","Blank is unavailable/undefined, never implicitly zero; geometry must be present."
regression_comparison/income_models_six_and_five.csv,year,calendar year,Restaurant-evidence or comparison year as named; not a network year unless explicitly a walking result.,"Blank is unavailable/undefined, never implicitly zero; geometry must be present."
regression_comparison/income_models_six_and_five.csv,model,categorical label,"Frozen estimand, group, model, field-name, scenario or provenance label. These are aggregate labels, not record-level data.","Blank is unavailable/undefined, never implicitly zero; geometry must be present."
regression_comparison/income_models_six_and_five.csv,predictor,categorical label,"Frozen estimand, group, model, field-name, scenario or provenance label. These are aggregate labels, not record-level data.","Blank is unavailable/undefined, never implicitly zero; geometry must be present."
regression_comparison/income_models_six_and_five.csv,standardized_beta,see metric/predictor context,For regression files: standardised coefficient/standard error/95% DCCA-clustered interval. For other files: same units as the named metric; proportions stay 0–1.,"Blank is unavailable/undefined, never implicitly zero; geometry must be present."
regression_comparison/income_models_six_and_five.csv,se_cluster_dcca,see metric/predictor context,For regression files: standardised coefficient/standard error/95% DCCA-clustered interval. For other files: same units as the named metric; proportions stay 0–1.,"Blank is unavailable/undefined, never implicitly zero; geometry must be present."
regression_comparison/income_models_six_and_five.csv,ci_low,see metric/predictor context,For regression files: standardised coefficient/standard error/95% DCCA-clustered interval. For other files: same units as the named metric; proportions stay 0–1.,"Blank is unavailable/undefined, never implicitly zero; geometry must be present."
regression_comparison/income_models_six_and_five.csv,ci_high,see metric/predictor context,For regression files: standardised coefficient/standard error/95% DCCA-clustered interval. For other files: same units as the named metric; proportions stay 0–1.,"Blank is unavailable/undefined, never implicitly zero; geometry must be present."
regression_comparison/income_models_six_and_five.csv,p_value,"probability, 0–1",Archived p or BH-adjusted q; q correction is within domain/year. Blank q for a reference row is not zero.,"Blank is unavailable/undefined, never implicitly zero; geometry must be present."
regression_comparison/income_models_six_and_five.csv,lsbg_n,area count,Observed/valid/qualifying spatial-unit or cluster count as named; no source-record identifiers.,"Blank is unavailable/undefined, never implicitly zero; geometry must be present."
regression_comparison/income_models_six_and_five.csv,dcca_cluster_n,area count,Observed/valid/qualifying spatial-unit or cluster count as named; no source-record identifiers.,"Blank is unavailable/undefined, never implicitly zero; geometry must be present."
regression_comparison/income_models_six_and_five.csv,weighted_r2,dimensionless,Archived weighted regression R-squared.,"Blank is unavailable/undefined, never implicitly zero; geometry must be present."
planning/candidate_planning_nodes.csv,site_id,anonymous display key,plot_NNN labels public-housing candidate points; numbering carries no source-record meaning.,"Blank is unavailable/undefined, never implicitly zero; geometry must be present."
planning/candidate_planning_nodes.csv,longitude,"degrees, EPSG:4326","Candidate point drawing coordinates; no address, building name or record locator is released.","Blank is unavailable/undefined, never implicitly zero; geometry must be present."
planning/candidate_planning_nodes.csv,latitude,"degrees, EPSG:4326","Candidate point drawing coordinates; no address, building name or record locator is released.","Blank is unavailable/undefined, never implicitly zero; geometry must be present."
planning/selected_planning_nodes.csv,scenario,categorical label,"Frozen estimand, group, model, field-name, scenario or provenance label. These are aggregate labels, not record-level data.","Blank is unavailable/undefined, never implicitly zero; geometry must be present."
planning/selected_planning_nodes.csv,budget_sites,site count,"Fixed hypothetical siting budget K; 0 denotes the baseline, programme comparisons use 5, 10 and 20.","Blank is unavailable/undefined, never implicitly zero; geometry must be present."
planning/selected_planning_nodes.csv,site_id,anonymous display key,plot_NNN labels public-housing candidate points; numbering carries no source-record meaning.,"Blank is unavailable/undefined, never implicitly zero; geometry must be present."
planning/scenario_results.csv,scenario,categorical label,"Frozen estimand, group, model, field-name, scenario or provenance label. These are aggregate labels, not record-level data.","Blank is unavailable/undefined, never implicitly zero; geometry must be present."
planning/scenario_results.csv,budget_sites,site count,"Fixed hypothetical siting budget K; 0 denotes the baseline, programme comparisons use 5, 10 and 20.","Blank is unavailable/undefined, never implicitly zero; geometry must be present."
planning/scenario_results.csv,population_within_selected_catchments,persons,"Aggregated population weight, denominator or reached-population total as named; these can be fractional weights.","Blank is unavailable/undefined, never implicitly zero; geometry must be present."
planning/scenario_results.csv,zero_affordability_priority_reached_share,"fraction, 0–1","Zero-opportunity/coverage/cumulative fraction, component weight or set Jaccard overlap as named; multiply by 100 only for a percentage display.","Blank is unavailable/undefined, never implicitly zero; geometry must be present."
planning/scenario_results.csv,joint_priority_reached_share,"fraction, 0–1","Zero-opportunity/coverage/cumulative fraction, component weight or set Jaccard overlap as named; multiply by 100 only for a percentage display.","Blank is unavailable/undefined, never implicitly zero; geometry must be present."
planning/scenario_results.csv,weighted_gini,dimensionless,Frozen weighted Gini/Theil inequality statistic or named income-group opportunity ratio; not a causal effect.,"Blank is unavailable/undefined, never implicitly zero; geometry must be present."
planning/scenario_results.csv,income_concentration_index,signed dimensionless index,Income concentration index; signs and comparator follow the frozen result table.,"Blank is unavailable/undefined, never implicitly zero; geometry must be present."
planning/scenario_results.csv,zero_access_population_share,"fraction, 0–1","Zero-opportunity/coverage/cumulative fraction, component weight or set Jaccard overlap as named; multiply by 100 only for a percentage display.","Blank is unavailable/undefined, never implicitly zero; geometry must be present."
planning/scenario_results.csv,population_newly_covered,persons,"Aggregated population weight, denominator or reached-population total as named; these can be fractional weights.","Blank is unavailable/undefined, never implicitly zero; geometry must be present."
planning/scenario_results.csv,mean_joint_options,reachable outlets,15-min potential walking opportunity counts or means; joint access additionally applies recorded price ≤HK$100 and destination-area SDI ≥0.45.,"Blank is unavailable/undefined, never implicitly zero; geometry must be present."
planning/scenario_results.csv,joint_priority_population_reached,persons,"Aggregated population weight, denominator or reached-population total as named; these can be fractional weights.","Blank is unavailable/undefined, never implicitly zero; geometry must be present."
planning/scenario_results.csv,joint_priority_population_denominator,persons,"Aggregated population weight, denominator or reached-population total as named; these can be fractional weights.","Blank is unavailable/undefined, never implicitly zero; geometry must be present."
planning/scenario_results.csv,zero_affordability_priority_population_reached,persons,"Aggregated population weight, denominator or reached-population total as named; these can be fractional weights.","Blank is unavailable/undefined, never implicitly zero; geometry must be present."
planning/scenario_results.csv,zero_affordability_priority_population_denominator,persons,"Aggregated population weight, denominator or reached-population total as named; these can be fractional weights.","Blank is unavailable/undefined, never implicitly zero; geometry must be present."
planning/priority_population_definition.csv,lsbg_id,area code,Neighbourhood geometry join key; not a restaurant/person identifier. In DCCA files the historical lsbg field labels the DCCA unit.,"Blank is unavailable/undefined, never implicitly zero; geometry must be present."
planning/priority_population_definition.csv,t_pop,persons,"Aggregated population weight, denominator or reached-population total as named; these can be fractional weights.","Blank is unavailable/undefined, never implicitly zero; geometry must be present."
planning/priority_population_definition.csv,zero_affordability_priority_population,persons,"Aggregated population weight, denominator or reached-population total as named; these can be fractional weights.","Blank is unavailable/undefined, never implicitly zero; geometry must be present."
planning/lsbg_scenario_map.gpkg,lsbg_id,area code,Neighbourhood geometry join key; not a restaurant/person identifier. In DCCA files the historical lsbg field labels the DCCA unit.,"Blank is unavailable/undefined, never implicitly zero; geometry must be present."
planning/lsbg_scenario_map.gpkg,geometry,"metres, EPSG:2326",Hong Kong 1980 Grid plotting polygon; simplification and any validity repair are recorded per file.,"Blank is unavailable/undefined, never implicitly zero; geometry must be present."
joint/2016_joint_access_geometry.gpkg,t_pop,persons,"Aggregated population weight, denominator or reached-population total as named; these can be fractional weights.","Blank is unavailable/undefined, never implicitly zero; geometry must be present."
joint/2021_joint_access_geometry.gpkg,t_pop,persons,"Aggregated population weight, denominator or reached-population total as named; these can be fractional weights.","Blank is unavailable/undefined, never implicitly zero; geometry must be present."
joint/2024_joint_access_geometry.gpkg,t_pop,persons,"Aggregated population weight, denominator or reached-population total as named; these can be fractional weights.","Blank is unavailable/undefined, never implicitly zero; geometry must be present."
