file,sha256,bytes
area/2011_lsbg_price_market.gpkg,e61d0953c5b95d36e650a77bab12feda8f6277b24988ebccad47b228982ca386,1310720
area/2011_lsbg_components.csv,e1b80f95da4c9589e8ba98456f66ab44caae692507c789fe564bf840426acbe5,115530
atlas/2011_lsbg_components.gpkg,f12fbabf59c075275a46a3d8965fdbec699da5df3a592894c815cd1f69dc8756,1028096
market/2011_lsbg_price_market.gpkg,c8ad38b01ea16a958071ce787b1d13443df94c087b186926a22e9ad8dbb3fec8,1028096
area/2016_lsbg_price_market.gpkg,09719fab8596a07c8fac8ea58ec85aed6be922c1808576e081706bc061ee460b,1368064
area/2016_lsbg_components.csv,30ef41b84dc5f1e3ba9be8b6a288106d7abbf990ea33d0753c32f20cc20a7a17,127633
atlas/2016_lsbg_components.gpkg,71b526085a2636c7436f4c6b807b7a453b47660c6c70413aeae28a3967fce054,1064960
market/2016_lsbg_price_market.gpkg,cfc5e695e06ff2620bcd0b1b17df5f9c35ae588f6e25626fb3e52b23bfacdf2e,1081344
area/2021_lsbg_price_market.gpkg,e6b484e3b3cbf9a6298821752adc6011717e590c1619f37f714f36aeb267b722,1380352
area/2021_lsbg_components.csv,3349621699b9da6e8e4fecf95e92b28cbabc105225b0669b4b5b06900862c902,145315
atlas/2021_lsbg_components.gpkg,8fb3209f9cfbf7e5293d04b5b44fe96363726eb89e8912e20daf7e6ac35144ec,1060864
market/2021_lsbg_price_market.gpkg,b0eb1cad5c7491182d3a78293cba932ca4e8fd1b26b6cb01a4ce421ec3f905be,1073152
area/2024_lsbg_price_market.gpkg,73ab33bd5f2058a2736fa68a2c1be55f1508cded17940a831fa086ffab02ef32,1380352
area/2024_lsbg_components.csv,6a3928fd165f21fe042e37be42539c4774374a76a6bd4ba0072375a09f62c073,141571
atlas/2024_lsbg_components.gpkg,434611853c9ca0f2331e864f6020b99b4ba90af68c0972cb40494eb5607c24f7,1060864
market/2024_lsbg_price_market.gpkg,2046a68b82ebc3e4e79f27d0dee59caf1f883ba6c90b1d28ec312a388ed41feb,1073152
temporal/annual_block_bootstrap_intervals.csv,12d4803ebd805d72e2d01a0082da741bac805863464290866b605671cdfe1c63,4535
temporal/change_from_2011_intervals.csv,8e62122742aadee87619015d6df71fbf5960e39160e05ac69b7b5bb7a4b0b555,3043
temporal/metric_coverage_audit.csv,3d887124114de08717fe9061c873f3972ebc8df8ffe4577c30e0ba3371b42ded,5084
structure/sdi_inequality_block_intervals.csv,20eb51314b19380aa27a650d044cbbdbd870281364ed6d61346a22b53a318fe3,1414
structure/sdi_income_concentration_curves.csv,5e8c5b3ff30267a5aa1e7a68d866ee94ac5560921216332e8d60504eb0b333f5,12244
structure/sdi_income_quintile_means.csv,023db4a903bac4e8c48cdb35b411b1dadc53a1c80ea47b7d6b52c25c8d1655b7,571
structure/component_income_concentration.csv,1b5603c42c351325e3df24d4309a7d6b1dba05aaf7e3c0422e282d3f2a9bd1d8,1336
component_social/weighted_component_income_distributions.csv,79809ca69c2dfd72cdd87bd94bd608e2ac9cea251cf8f22547ce757048fe9940,14518
component_social/component_domain_reference_contrasts_2024.csv,258b572821d7bd2deb906cf4fd99c6b5f267d31bd94fd352c45cc7065a3e5a54,4827
component_social/component_domain_group_means_2024.csv,a7eb6a4e6c26cc4a801fb1ceb7cbdbfbf7910271762e55c085507bdb124eecb0,11977
subgroups/joint_subgroup_point_estimates.csv,fc5e1481728342b030ccdb4aa89b76eacda029fc9ce3e7daa07218565a0375ae,7397
subgroups/joint_subgroup_dcca_block_intervals.csv,246617a106348b01cc81ec3670c1eddcbe89fd3e6d548e8c03453d715182ae12,12244
contrasts/within_year_contrasts.csv,d31e680497fbf6a16849e3d087dc64c298df8dabe1d40d0ea75c4d1be02c35c3,6919
sensitivity/weight_schemes.csv,dbffebe830b5e82fa63ef74627343663031b6eb8313e90c9839d3bd389ce8611,1152
sensitivity/variant_agreement.csv,95763ecf85683cde19cd6eecf38cd7caed53720beab8279f2760886a6290865a,4793
sensitivity/maup_agreement.csv,e2950b0edacb408e0bd157d48b338af01407619f41dde12a265db59240d0b91e,2580
joint/joint_access_point_estimates.csv,b57ccb86fd817a2b4de27f0d867257f2f363c0d4cd9cff9afb8cb809f8817fd4,8520
joint/joint_access_dcca_block_intervals.csv,2c8fe19b27fd9c79b8e23b1ca1f20890601cd7a1d3bf918f136986960dbdeadb,2561
nutrition_sensitivity/point_estimates.csv,079b7e3f7ef5633bf33c72641266692974b2713a80c1facb08e71b296e1c74d3,1466
nutrition_sensitivity/paired_dcca_block_differences.csv,5a7c7a34df62f33854dcd3825f60c6ed4d17365cf0d297d5a4ebbce1cbbced07,2349
nutrition_sensitivity/threshold_equating.csv,acf90721493470cbd37ecb37c91fc56dcab2a65f47c5fb92183759e9826fb2f5,316
variant_inequality/sdi_variant_income_inequality_intervals.csv,25f66f03e4f39035c46a9e4b3e022d20308188298e140c5394ec8bedcd0355a1,8473
joint/2016_joint_access_geometry.gpkg,ce08eb4679ba663f4f40abde3e2c4a3ac0431e6f21bcf3f1d4d07dba9f8ff429,1085440
joint/2021_joint_access_geometry.gpkg,8def9802c7ef4dd6dfa7d6f303688d1a165119060ec34dea1ffc04c41be5d174,1077248
joint/2024_joint_access_geometry.gpkg,8095601f997c6199c8db165aa70c8784bc4d3e4d703fa4f10eaa4217d370d865,1077248
joint/lsbg_joint_quality_affordable_access.csv,b8ac6c40f8fdf24994408e5ef9b592dde7cabaf661b88e4a0e185bf41ca980b7,199454
network/network_price_inequality_point_estimates.csv,5d71dd0881a62508156e0271b6f64bc06f9ed0811d58abcf5dc5e85975a1f4c4,3946
network/network_price_inequality_intervals.csv,97a6e6da85d372a6a637ef831981ba6f4439147eab14cdd62bf09b5a97c793fc,7225
market/price_market_summary.csv,236e097f02a234bd52b83d31e4d787f5798eeb4696f98ece3b89c5f85e303bff,366
market/quality_market_decomposition.csv,38114fbd32a62c7d29ce9a7b368698193793ca795a801c8a39fe824d50e53e9c,3451
regression_comparison/income_models_six_and_five.csv,b9ad0e297ae1a38447011e398020aab03929f1ad326c88d2292fbf0e74169f47,7683
planning/candidate_planning_nodes.csv,2424c8149fa262f7ec5fa51218d0672f5f2ac1c88d795db8518aa3831731224f,11181
planning/selected_planning_nodes.csv,803c760c954e650d4c651383640a2a2fada3a62315cb77fd7c45def7d8b7a8c4,4211
planning/scenario_results.csv,b7d85455ad45e9619b6c51c0556bde13fbd8cc3e603e07280102cb5120930047,3091
planning/priority_population_definition.csv,c10223d338d62171c7cdc79987833bbaad47f8868020f7c421f7be71152c0d17,32854
planning/lsbg_scenario_map.gpkg,07dc5ed72ed17b9253c02b6eb4c6dd708b51406e57a6229b82503a83c7bd8ae7,17539072
