year,threshold_min,price_ceiling_hkd,destination_area_sdi_threshold,outcome,population_weighted_mean,zero_access_population_share,weighted_gini,concentration_index,lsbg_n,population_analyzed
2016,15.0,100,0.45,low_price_access,109.72741749040595,0.1440588647382318,0.6587678132877003,-0.0855128880557126,1621,7334238.0
2016,15.0,100,0.45,joint_access,22.46646086478241,0.3598425630583572,0.7630590116270984,0.1211550388673741,1621,7334238.0
2016,15.0,100,0.45,joint_retention_ratio_of_population_weighted_means,0.2047479233414635,,,,1621,7334238.0
2016,10.0,50,0.4,joint_access_sensitivity,17.81637683423963,0.3890554138003157,0.7432153047360988,-0.042348817620431,1621,7334238.0
2016,10.0,50,0.45,joint_access_sensitivity,6.589536363559514,0.5517539790773084,0.8213835526374723,0.0892349231547311,1621,7334238.0
2016,10.0,50,0.5,joint_access_sensitivity,1.1101075530954954,0.7932446424563806,0.9106300710347386,0.1400216938090095,1621,7334238.0
2016,10.0,100,0.4,joint_access_sensitivity,27.657494616345964,0.3766778498325252,0.7482917342153634,-0.0268545618525384,1621,7334238.0
2016,10.0,100,0.45,joint_access_sensitivity,11.080190062007803,0.5219165235706832,0.8220150284766373,0.1079376333450494,1621,7334238.0
2016,10.0,100,0.5,joint_access_sensitivity,2.055180647260152,0.7646508062596278,0.904268671296208,0.1731060954383261,1621,7334238.0
2016,10.0,200,0.4,joint_access_sensitivity,35.24795732017423,0.3645931588257703,0.7595464462399331,-0.0145675442872484,1621,7334238.0
2016,10.0,200,0.45,joint_access_sensitivity,14.82767684931959,0.5127199308230793,0.8332615190572467,0.1195066659575911,1621,7334238.0
2016,10.0,200,0.5,joint_access_sensitivity,2.783864390547457,0.76305554851097,0.9100460472618832,0.1936915518040907,1621,7334238.0
2016,15.0,50,0.4,joint_access_sensitivity,35.46154147165663,0.2588338420433043,0.6784089009175659,-0.0284311370602881,1621,7334238.0
2016,15.0,50,0.45,joint_access_sensitivity,13.269790263146628,0.3995306669895359,0.7644679294861564,0.1041076912257366,1621,7334238.0
2016,15.0,50,0.5,joint_access_sensitivity,2.3344592853408903,0.6890909457805978,0.8801084504319524,0.1744964603859014,1621,7334238.0
2016,15.0,100,0.4,joint_access_sensitivity,55.43357428542679,0.252129669094458,0.6858790407634006,-0.0113728034554987,1621,7334238.0
2016,15.0,100,0.45,joint_access_sensitivity,22.46646086478241,0.3598425630583572,0.7630590116270984,0.1211550388673741,1621,7334238.0
2016,15.0,100,0.5,joint_access_sensitivity,4.334123599479591,0.6577369046382188,0.8686441293620717,0.1915243429711799,1621,7334238.0
2016,15.0,200,0.4,joint_access_sensitivity,71.17253312477725,0.2468766353096259,0.6999981196995428,0.0015473513121857,1621,7334238.0
2016,15.0,200,0.45,joint_access_sensitivity,30.246062235776915,0.3541860790446124,0.7767664505308205,0.1343884871978455,1621,7334238.0
2016,15.0,200,0.5,joint_access_sensitivity,5.862702710220203,0.6509614223045393,0.8751248022311939,0.2060004302842293,1621,7334238.0
2021,15.0,100,0.45,low_price_access,206.21705183880388,0.1001283307125392,0.6101749435710575,-0.077386229583176,1743,7407424.0
2021,15.0,100,0.45,joint_access,94.3476265163166,0.2249891460243129,0.6801612196524243,0.0163219868066557,1743,7407424.0
2021,15.0,100,0.45,joint_retention_ratio_of_population_weighted_means,0.4575161252429621,,,,1743,7407424.0
2021,10.0,50,0.4,joint_access_sensitivity,41.79363919224821,0.2644984275235224,0.6949694711716834,-0.0700483089279179,1743,7407424.0
2021,10.0,50,0.45,joint_access_sensitivity,23.968005881666823,0.370930974114618,0.7424804164786142,0.0072704947418882,1743,7407424.0
2021,10.0,50,0.5,joint_access_sensitivity,6.662073211956005,0.6592626532516567,0.8619794850458653,0.1287595127974878,1743,7407424.0
2021,10.0,100,0.4,joint_access_sensitivity,74.04502901413501,0.2491234469634788,0.6986446784330662,-0.0511473354476872,1743,7407424.0
2021,10.0,100,0.45,joint_access_sensitivity,44.58491183979748,0.342685392384721,0.744516481127718,0.0262967477414861,1743,7407424.0
2021,10.0,100,0.5,joint_access_sensitivity,13.091851094253547,0.6368482484599235,0.8660807561460327,0.1535055461208538,1743,7407424.0
2021,10.0,200,0.4,joint_access_sensitivity,92.5954820461202,0.2432064102176411,0.7095196927693732,-0.0403057075077826,1743,7407424.0
2021,10.0,200,0.45,joint_access_sensitivity,57.8069467874392,0.3402863127586594,0.7553704835391016,0.0360203530228937,1743,7407424.0
2021,10.0,200,0.5,joint_access_sensitivity,17.41469085609248,0.6292693654366214,0.8734713447724487,0.1715138687604671,1743,7407424.0
2021,15.0,50,0.4,joint_access_sensitivity,86.92916484867074,0.1634303639159848,0.6345451579647069,-0.0595649342655426,1743,7407424.0
2021,15.0,50,0.45,joint_access_sensitivity,50.774604099886815,0.2414557341391555,0.6763689879165897,0.0010718842776138,1743,7407424.0
2021,15.0,50,0.5,joint_access_sensitivity,13.4120622769805,0.540772473669659,0.827004795308669,0.1534433919660758,1743,7407424.0
2021,15.0,100,0.4,joint_access_sensitivity,154.33062249440562,0.1478087389084248,0.6400849972322382,-0.0434814057058563,1743,7407424.0
2021,15.0,100,0.45,joint_access_sensitivity,94.3476265163166,0.2249891460243129,0.6801612196524243,0.0163219868066557,1743,7407424.0
2021,15.0,100,0.5,joint_access_sensitivity,26.212196979678765,0.5236777319618804,0.8298680945149621,0.1700016944088256,1743,7407424.0
2021,15.0,200,0.4,joint_access_sensitivity,193.12991871398208,0.1473365099662176,0.6514566598710945,-0.0333177550681074,1743,7407424.0
2021,15.0,200,0.45,joint_access_sensitivity,122.2390453145385,0.2241120529890013,0.6910953585654265,0.0261167448041572,1743,7407424.0
2021,15.0,200,0.5,joint_access_sensitivity,34.99460730207964,0.5072998386483615,0.8369493619630866,0.180536532423968,1743,7407424.0
2024,15.0,100,0.45,low_price_access,186.8890005779877,0.1003290561522756,0.583244037269856,-0.0713477087842908,1744,7408462.0
2024,15.0,100,0.45,joint_access,106.81177321284768,0.1963533051799415,0.6623619459114011,-0.018235829075244,1744,7408462.0
2024,15.0,100,0.45,joint_retention_ratio_of_population_weighted_means,0.5715251988212958,,,,1744,7408462.0
2024,10.0,50,0.4,joint_access_sensitivity,36.86088664556827,0.236081929015766,0.66714882645863,-0.0642370877865617,1744,7408462.0
2024,10.0,50,0.45,joint_access_sensitivity,24.90580798011787,0.3608937995497581,0.7308354145862581,-0.0533786593939614,1744,7408462.0
2024,10.0,50,0.5,joint_access_sensitivity,6.759682913943542,0.5930284855345145,0.8266035302356967,0.1130009210642573,1744,7408462.0
2024,10.0,100,0.4,joint_access_sensitivity,72.74612152967782,0.2208265359260802,0.6727295846342283,-0.0470236615710336,1744,7408462.0
2024,10.0,100,0.45,joint_access_sensitivity,50.850789273131184,0.3296888072045183,0.7319906164734211,-0.0268044552788999,1744,7408462.0
2024,10.0,100,0.5,joint_access_sensitivity,16.009437451390045,0.5443145959309773,0.8242723507470244,0.1267284863319191,1744,7408462.0
2024,10.0,200,0.4,joint_access_sensitivity,94.30440015754957,0.2132195589313949,0.683160327939504,-0.0342412871822229,1744,7408462.0
2024,10.0,200,0.45,joint_access_sensitivity,67.44200820629167,0.3122055562949503,0.7397608045727582,-0.0101418611135444,1744,7408462.0
2024,10.0,200,0.5,joint_access_sensitivity,23.09613668801973,0.530912893931291,0.8319624479263983,0.1346750237334359,1744,7408462.0
2024,15.0,50,0.4,joint_access_sensitivity,75.92044840076119,0.1374814367678473,0.599920330434045,-0.0562866116855821,1744,7408462.0
2024,15.0,50,0.45,joint_access_sensitivity,52.14412856541614,0.2082343136807612,0.6597679993805978,-0.0379809795341891,1744,7408462.0
2024,15.0,50,0.5,joint_access_sensitivity,14.425255606359322,0.4421861109633821,0.7654411860478589,0.1150807452474971,1744,7408462.0
2024,15.0,100,0.4,joint_access_sensitivity,150.7130046695252,0.1282077170673211,0.6082091082317809,-0.0430141569306961,1744,7408462.0
2024,15.0,100,0.45,joint_access_sensitivity,106.81177321284768,0.1963533051799415,0.6623619459114011,-0.018235829075244,1744,7408462.0
2024,15.0,100,0.5,joint_access_sensitivity,33.40495881601336,0.398160238926784,0.7658483895464465,0.1243675074825745,1744,7408462.0
2024,15.0,200,0.4,joint_access_sensitivity,195.623290637112,0.1230815518794589,0.6186590341618717,-0.0295203700568771,1744,7408462.0
2024,15.0,200,0.45,joint_access_sensitivity,141.66451052863604,0.1838052216505936,0.6711980922179984,-0.00145297439159,1744,7408462.0
2024,15.0,200,0.5,joint_access_sensitivity,48.305672621388894,0.3794591913949211,0.7753176482871327,0.1296943929597422,1744,7408462.0
