year,outcome,metric,ci_low,ci_high,valid_replicates,point_estimate
2016,joint_access,concentration_index,0.0298952818684269,0.2083213422270519,999,0.1211550388673741
2016,joint_access,population_weighted_mean,18.183433900682875,27.15458240382866,999,22.46646086478241
2016,joint_access,weighted_gini,0.7220236560441107,0.7917736561491814,999,0.7630590116270984
2016,joint_access,zero_access_population_share,0.3165631931180769,0.4039348987953569,999,0.3598425630583572
2016,low_price_access,concentration_index,-0.1416317512554175,-0.0258646214860531,999,-0.0855128880557126
2016,low_price_access,population_weighted_mean,96.36180368940694,124.76880776393035,999,109.72741749040595
2016,low_price_access,weighted_gini,0.6316129126269876,0.6812769288903818,999,0.6587678132877003
2016,low_price_access,zero_access_population_share,0.114709873051377,0.1770823609843993,999,0.1440588647382318
2021,joint_access,concentration_index,-0.054222206030389,0.0861390079527643,999,0.0163219868066557
2021,joint_access,population_weighted_mean,82.69156474311347,108.10917659317676,999,94.3476265163166
2021,joint_access,weighted_gini,0.6515308676943093,0.706026054994282,999,0.6801612196524243
2021,joint_access,zero_access_population_share,0.1873907269318488,0.2634666262526563,999,0.2249891460243129
2021,low_price_access,concentration_index,-0.1312556894003103,-0.0216549566841764,999,-0.077386229583176
2021,low_price_access,population_weighted_mean,184.4128309944608,231.82610084747256,999,206.21705183880388
2021,low_price_access,weighted_gini,0.5822161114593885,0.6346958645119989,999,0.6101749435710575
2021,low_price_access,zero_access_population_share,0.0785732007644055,0.1258954177755081,999,0.1001283307125392
2024,joint_access,concentration_index,-0.0775626484437558,0.0462882099772287,999,-0.018235829075244
2024,joint_access,population_weighted_mean,94.36729904546644,119.41962156852686,999,106.81177321284768
2024,joint_access,weighted_gini,0.6353840782007095,0.6865128539967615,999,0.6623619459114011
2024,joint_access,zero_access_population_share,0.1641339737044954,0.2305363572148195,999,0.1963533051799415
2024,low_price_access,concentration_index,-0.1189545597544722,-0.0164152127450671,999,-0.0713477087842908
2024,low_price_access,population_weighted_mean,168.01179782354652,206.24844091626952,999,186.8890005779877
2024,low_price_access,weighted_gini,0.5552595564394082,0.6098015170255685,999,0.583244037269856
2024,low_price_access,zero_access_population_share,0.0773398610242816,0.1230953752917993,999,0.1003290561522756
